ICAO,NOTAM No,Q Code,From,To,Schedule,Text,Lower Limit,Upper Limit,Created Time,Farsi
OIII,A5071/24,OIIX/QMPLC/IV/BO/A/000/999/,2412240531,2501131000 EST,,STAND NR 207 AND 208 CLSD DUE TO CONST WORK. CREATED: 24 Dec 2024 05:31:00 SOURCE: OIIIYNYX,,,24 Dec 2024 05:31:00,
OIII,A5070/24,OIIX/QFTAS/I/B/A/000/999/,2412240205,2412241500 EST,,"REF AIP PAGE GEN 3.5-11, RVR RWY 29 U/S. CREATED: 24 Dec 2024 02:05:00 SOURCE: OIIIYNYX",,,24 Dec 2024 02:05:00,
OIFK,A0253/22,OIIX/QMRXX/IV/NBO/A /000/999/3354N05135E005,2201181630,PERM,,10 CM DIFFERENCE SURFACE EXIST BTN RWY 11/29 AND SHOULDER. CREATED: 05 Aug 2024 07:40:00 SOURCE: EUECYIYN,,,05 Aug 2024 07:40:00,
OIIX,A4369/24,OIIX/QAFXX/E/000/999/,2411031501,2412290230,1430-0230,"THE FLW TEMPO TOS WI TEHRAN OIIX FIR AVBL FOR FLT FM ANKARA LTAA FIR TO UNITED ARAB EMIRATES OMAE FIR: - BONAM DCT NSH DVOR/DME L333 LABET Y8 SRJ VOR/DME L430 TAVNO M324 PATAT, - AGINA P146 RST DVOR/DME L333 LABET Y8 SRJ VOR/DME L430 TAVNO M324 PATAT. CREATED: 03 Nov 2024 15:06:00 SOURCE: OIIIYNYX",,,03 Nov 2024 15:06:00,
OIIX,A4535/24,OIIX/QWMLW/IV/BO/W/000/180/,2411160825,2501161630,"EV TUE, WED AND THU / 1330-1630",GUN FIRING WILL TAKE PLACE WI AREA: 352500N 0465100E 352500N 0470000E 351500N 0465100E 352000N 0464500E TO THE POINT OF ORIGIN. DRG ACT MNM SAFE LVL ON AWY M434/Z740 BTN ASLAX AND NOLTO RASIED TO FL190.,GND,18000,16 Nov 2024 08:24:00,
OIIX,A4533/24,OIIX/QWMLW/IV/BO/W/000/200/,2411160758,2501191930,0330-1930,GUN FIRING WILL TAKE PLACE WI AREA: 314529N 0604632E 313656N 0604632E 313656N 0604036E 314529N 0604036E TO THE POINT OF ORIGIN.,GND,20000,16 Nov 2024 08:00:00,
OIIX,A4525/24,OIIX/QWMLW/IV/BO/W/000/120/,2411160706,2501150630,EV WED / 0330-0630,GUN FIRING WILL TAKE PLACE WI AREA : 332400N 0475900E 332200N 0480300E 332100N 0480200E 332300N 0475800E TO THE POINT OF ORIGIN.,GND,12000,16 Nov 2024 07:08:00,
OIIX,A4461/24,OIIX/QAFXX/E/000/999/,2411110718,2502092030 EST,,AIRSPACE SAFETY AND SECURITY WARNING: OPERATORS ARE ADVISED NOT TO ENTER KHARTOUM FIR WITHIN THE AIRSPACE OF SUDAN. POTENTIAL RISK FM ANTI-AIRCRAFT WEAPONRY AND HEIGHTENED MILITARY ACTIVITY. CONTACT DANASS OF IRAN CAA +982166078718 AND ANS?CAA.GOV.IR FOR FURTHER DETAILS. CHECK HTTPS://WWW.ICAO.INT/MID/PAGES/FIR/KHARTOUM-FIR-CONTINGENCY-PLAN.ASPX FOR CONTINGENCY ROUTING PROCEDURE. CREATED: 11 Nov 2024 07:18:00 SOURCE: OIIIYNYX,,,11 Nov 2024 07:18:00,
OIIX,A4460/24,OIIX/QAFXX/E/000/999/,2411110717,2502092030 EST,,"AIRSPACE SECURITY WARNING ISSUED BY IRAN CAA IN RESPONSE TO THE VOLATILE SECURITY SITUATION IN UKRAINE. POTENTIAL RISK FM HEIGHTENED MILITARY ACTIVITY AND DEDICATED ANTI-AVIATION WEAPONRY IN THE EAST OF UKRAINE, AND THREAT POSED BY MISCALCULATION AND MISCOMMUNICATION. IRANIAN REGISTERED AIR OPERATORS ARE ADVISED TO TAKE ALL POTENTIAL RISK INTO ACCOUNT IN RISK ASSESSMENT AND FLT PLANNING DECISIONS WHEN OPERATING IN THE FLW FLIGHT INFORMATION REGIONS (FI",GND,UNL,11 Nov 2024 07:17:00,
OIIX,A4459/24,OIIX/QAFXX/E/000/999/,2411110715,2502092030 EST,,AIRSPACE SAFETY AND SECURITY WARNING: HAZARDOUS SITUATION WITHIN THE TERRITORY AND AIRSPACE OF KABUL FIR(OAK,,,11 Nov 2024 07:16:00,
OIIX,A4458/24,OIIX/QAFXX/E/000/999/,2411110711,2502092030 EST,,ALL TRAFFIC ENTERING TEHRAN FIR FROM KABUL FIR SHALL CONTACT TEHRAN ACC NOT LESS THAN 5 MINUTES PRIOR TO ENTERING THE TEHRAN FIR AS FOLLOWS: UL333 SOKAM 120.700 MHZ N636 PAMTU 120.700 MHZ A453 GADER 123.900 MHZ Z627 RANRU 123.900 MHZ ANY FLIGHT INTENDING TO ENTER KABUL FIR FROM TEHRAN FIR AT THEIR OWN RISK WILL BE PROVIDED ATS ONLY UNTIL THE TEHRAN/KABUL FIR BOUNDARY. CREATED: 11 Nov 2024 07:14:00 SOURCE: OIIIYNYX,,,11 Nov 2024 07:14:00,
OIIX,A4374/24,OIIX/QAFXX/E/000/999/,2411031515,2412290230,1430-0230,THE FLW TEMPO TOS WI TEHRAN OIIX FIR AVBL FOR FLT FM YEREVAN UDDD FIR TO UNITED ARAB EMIRATES OMAE FIR: - MAGRI B121 RST DVOR/DME L333 LABET Y8 SRJ VOR/DME L430 TAVNO M324 PATAT. CREATED: 03 Nov 2024 15:17:00 SOURCE: OIIIYNYX,,,03 Nov 2024 15:17:00,
OIIX,A4373/24,OIIX/QAFXX/E/000/999/,2411031513,2412290230,1430-0230,THE FLW TEMPO TOS WI TEHRAN OIIX FIR AVBL FOR FLT FM UNITED ARAB EMIRATES OMAE FIR TO YEREVAN UDDD FIR: - GABKO M318 GETIS Y9 GIBAB DCT DNZ DVOR/DME P567/N319 RIGAN N636 MAGRI. CREATED: 03 Nov 2024 15:15:00 SOURCE: OIIIYNYX,,,03 Nov 2024 15:15:00,
OIIX,A4372/24,OIIX/QAFXX/E/000/999/,2411031510,2412290230,1430-0230,THE FLW TEMPO TOS WI TEHRAN OIIX FIR AVBL FOR FLT FM UNITED ARAB EMIRATES OMAE FIR TO ANKARA LTAA FIR: - GABKO M318 GETIS Y9 GIBAB DCT DNZ DVOR/DME P567/N319 DASEL Z720 RST DVOR/DME L333 DASIS. CREATED: 03 Nov 2024 15:13:00 SOURCE: OIIIYNYX,,,03 Nov 2024 15:13:00,
OIIX,A4371/24,OIIX/QAFXX/E/000/999/,2411031508,2412290230,1430-0230,"THE FLW TEMPO TOS WI TEHRAN OIIX FIR AVBL FOR FLT FM UNITED ARAB EMIRATES OMAE FIR TO BAKU UBBA FIR: - GABKO M318 GETIS Y9 GIBAB DCT DNZ DVOR/DME P567/N319 ULDUS, - GABKO M318 GETIS Y9 GIBAB DCT DNZ DVOR/DME P567/N319 DASEL Z720 RST DVOR/DME L333 TBZ DVOR/DME R661 DULAV. CREATED: 03 Nov 2024 15:10:00 SOURCE: OIIIYNYX",,,03 Nov 2024 15:10:00,
OIIX,A4370/24,OIIX/QAFXX/E/000/999/,2411031505,2412290230,1430-0230,"THE FLW TEMPO TOS WI TEHRAN OIIX FIR AVBL FOR FLT FM BAKU UBBA FIR TO UNITED ARAB EMIRATES OMAE FIR: - ULDUS DCT NSH DVOR/DME L333 LABET Y8 SRJ VOR/DME L430 TAVNO M324 PATAT, - DULAV R661 SIBVU P146 RST DVOR/DME L333 LABET Y8 SRJ VOR/DME L430 TAVNO M324 PATAT. CREATED: 03 Nov 2024 15:07:00 SOURCE: OIIIYNYX",,,03 Nov 2024 15:07:00,
OIIX,A4368/24,OIIX/QARCS/IV/NBO/E/285/999/,2411031455,2412290230,1430-0230,NEW TEMPO BIDIRECTIONAL RNAV5 ATS ROUTE WITH DESIGNATOR Y14 ESTABLISHED WITH FLW SPECIFICATION: - FM IMLOT TO PARID MAG TRACK: 354/172 DIST: 373.7 NM LATERAL LIMITS: 16 NM MNM SAFE LEVEL: FL 285 MOCA: 14500 FT - FM PARID TO SOGOT MAG TRACK: 316/135 DIST: 91.5 NM LATERAL LIMITS: 16 NM MNM SAFE LEVEL: FL 285 MOCA: 9500 FT THIS AIRWAY DEFINED AS TACTICAL ATS ROUTE (CONDITIONAL ROUT,,,03 Nov 2024 14:57:00,
OIIX,A4541/24,OIIX/QRDCA/IV/BO/W/000/300/,2411160848,2501191930,0330-1930,"OID121 ACTIVATED, REF AIP PAGE ENR 5.1.3-12.",GND,30000,16 Nov 2024 08:51:00,
OIIX,A4367/24,OIIX/QARCS/IV/NBO/E/285/999/,2411031451,2412290230,1430-0230,NEW TEMPO BIDIRECTIONAL RNAV5 ATS ROUTE WITH DESIGNATOR Y13 ESTABLISHED WITH FLW SPECIFICATION: - FM DAR VOR/DME TO NOVSU MAG TRACK: 170/352 DIST: 313.96 NM LATERAL LIMITS: 16 NM MNM SAFE LEVEL: FL 285 MOCA: 16700 FT THIS AIRWAY DEFINED AS TACTICAL ATS ROUTE (CONDITIONAL ROUT,,,03 Nov 2024 14:54:00,
OIIX,A4366/24,OIIX/QARCS/IV/NBO/E/285/999/,2411031449,2412290230,1430-0230,NEW TEMPO BIDIRECTIONAL RNAV5 ATS ROUTE WITH DESIGNATOR Y12 ESTABLISHED WITH FLW SPECIFICATION: - FM BAM VOR/DME TO MESPO MAG TRACK: 161/343 DIST: 266.2 NM LATERAL LIMITS: 16 NM MNM SAFE LEVEL: FL 285 MOCA: 10500 FT THIS AIRWAY DEFINED AS TACTICAL ATS ROUTE (CONDITIONAL ROUT,,,03 Nov 2024 14:51:00,
OIIX,A4365/24,OIIX/QARCS/IV/NBO/E/285/999/,2411031449,2412290230,1430-0230,NEW TEMPORARY BIDIRECTIONAL RNAV5 ATS ROUTE WITH DESIGNATOR Y11 ESTABLISHED WITH FLW SPECIFICATION: - FM ROVAD TO IKA DVOR/DME MAG TRACK: 307/125 DIST: 175.0 NM LATERAL LIMITS: 16 NM MNM SAFE LEVEL: FL 285 MOCA: 9200 FT THIS AIRWAY DEFINED AS TACTICAL ATS ROUTE (CONDITIONAL ROUT,,,03 Nov 2024 14:49:00,
OIIX,A4364/24,OIIX/QARCS/IV/NBO/E/285/999/,2411031443,2412290230,1430-0230,NEW TEMPORARY BIDIRECTIONAL RNAV5 ATS ROUTE WITH DESIGNATOR Y10 ESTABLISHED WITH FLW SPECIFICATION: - FM DHN VOR/DME TO RERET MAG TRACK: 156/337 DIST: 107.7 NM LATERAL LIMITS: 16 NM MNM SAFE LEVEL: FL 285 MOCA: 10200 FT THIS AIRWAY DEFINED AS TACTICAL ATS ROUTE (CONDITIONAL ROUT,,,03 Nov 2024 14:45:00,
OIIX,A4363/24,OIIX/QARCS/IV/NBO/E/285/999/,2411031436,2412290230,1430-0230,NEW TEMPORARY BIDIRECTIONAL RNAV5 ATS ROUTE WITH DESIGNATOR Y8 ESTABLISHED WITH FLW SPECIFICATION: - FM LABET TO RAPKI MAG TRACK: 149/330 DIST: 38.7 NM LATERAL LIMITS: 16 NM MNM SAFE LEVEL: FL 285 MOCA: 14300 FT - FM RAPKI TO SRJ VOR/DME MAG TRACK: 157/340 DIST: 379.0 NM LATERAL LIMITS: 16 NM MNM SAFE LEVEL: FL 285 MOCA: 13300 FT THIS AIRWAY DEFINED AS TACTICAL ATS ROUTE (CONDITIONAL ROUT,,,03 Nov 2024 14:37:00,
OIIX,A4362/24,OIIX/QARCS/IV/NBO/E/285/999/,2411031431,2412290230,1430-0230,NEW TEMPORARY BIDIRECTIONAL RNAV5 ATS ROUTE WITH DESIGNATOR Y9 ESTABLISHED WITH FLW SPECIFICATION: - FM GETIS TO SOGOT MAG TRACK: 338/157 DIST: 156.3 NM LATERAL LIMITS: 16 NM MNM SAFE LEVEL: FL 285 MOCA: 12500 FT - FM SOGOT TO GIBAB MAG TRACK: 344/163 DIST: 176.0 NM LATERAL LIMITS: 16 NM MNM SAFE LEVEL: FL 285 MOCA: 9500 FT THIS AIRWAY DEFINED AS TACTICAL ATS ROUTE (CONDITIONAL ROUT,,,03 Nov 2024 14:33:00,
OIIX,A4360/24,OIIX/QARCS/IV/NBO/E/285/999/,2411031430,2412290230,1430-0230,NEW TEMPORARY BIDIRECTIONAL RNAV5 ATS ROUTE WITH DESIGNATOR Y7 ESTABLISHED WITH FLW SPECIFICATION: - FM BONAM TO NSH DVOR/DME MAG TRACK: 096/281 DIST: 352.5 NM LATERAL LIMITS: 16 NM MNM SAFE LEVEL: FL 285 MOCA: 14100 FT THIS AIRWAY DEFINED AS TACTICAL ATS ROUTE (CONDITIONAL ROUT,,,03 Nov 2024 14:29:00,
OIIX,A4359/24,OIIX/QARCS/IV/NBO/E/285/999/,2411031430,2412290230,1430-0230,NEW TEMPORARY UNIDIRECTIONAL WESTBOUND RNAV5 ATS ROUTE WITH DESIGNATOR Y6 ESTABLISHED WITH FLW SPECIFICATION: - FM DANEB TO DAMOS MAG TRACK: 287/107 DIST: 187.4 NM LATERAL LIMITS: 10 NM MNM SAFE LEVEL: FL 285 THIS AIRWAY DEFINED AS TACTICAL ATS ROUTE (CONDITIONAL ROUT,,,03 Nov 2024 14:26:00,
OIIX,A4358/24,OIIX/QARCS/IV/NBO/E/285/999/,2411031430,2412290230,1430-0230,NEW TEMPORARY UNIDIRECTIONAL WESTBOUND RNAV5 ATS ROUTE WITH DESIGNATOR Y4 ESTABLISHED WITH FLW SPECIFICATION: - FM ROVAD TO DHN VOR/DME MAG TRACK: 327/147 DIST: 118.6 NM LATERAL LIMITS: 10 NM MNM SAFE LEVEL: FL 285 - FM DHN VOR/DME TO DANEB MAG TRACK: 311/131 DIST: 90.8 NM LATERAL LIMITS: 10 NM MNM SAFE LEVEL: FL 285 - FM DANEB TO ZAJ VOR/DME MAG TRACK: 276/096 DIST: 149.9 NM LATERAL LIMITS: 10 NM MNM SAFE LEVEL: FL 285 THIS AIRWAY DEFINED AS TACTICAL ATS ROUTE (CONDITIONAL ROUT,,,03 Nov 2024 14:22:00,
OIIX,A4357/24,OIIX/QARCS/IV/NBO/E/285/999/,2411031430,2412290230,1430-0230,NEW TEMPORARY UNIDIRECTIONAL WESTBOUND RNAV5 ATS ROUTE WITH DESIGNATOR Y5 ESTABLISHED WITH FLW SPECIFICATION: - FM SOGOT TO RUBIL MAG TRACK: 321/141 DIST: 208.9 NM LATERAL LIMITS: 10 NM MNM SAFE LEVEL: FL 285 - FM RUBIL TO NSH DVOR/DME MAG TRACK: 308/128 DIST: 100.7 NM LATERAL LIMITS: 10 NM MNM SAFE LEVEL: FL 285 THIS AIRWAY DEFINED AS TACTICAL ATS ROUTE (CONDITIONAL ROUT,,,03 Nov 2024 14:20:00,
OIIX,A4355/24,OIIX/QARCS/IV/NBO/E/285/999/,2411031430,2412290230,1430-0230,NEW TEMPORARY UNIDIRECTIONAL EASTBOUND RNAV5 ATS ROUTE WITH DESIGNATOR Y3 ESTABLISHED WITH FLW SPECIFICATION: - FM RST DVOR/DME TO DAXIL MAG TRACK: 175/355 DIST: 148.0 NM LATERAL LIMITS: 10 NM MNM SAFE LEVEL: FL 285 NOTE: TRAFFIC ROUTING FM RST DVOR/DME TO DAXIL SHALL ASSIGN ODD FLIGHT LEVEL AND VICE VERSA - FM DAXIL TO DEKBA MAG TRACK: 133/313 DIST: 40.7 NM LATERAL LIMITS: 10 NM MNM SAFE LEVEL: FL 285 - FM DEKBA TO SYZ DVOR/DME MAG TRACK: 152/333 DIST: 313.8 NM LATERAL LIMITS: 10 NM MNM SAFE LEVEL: FL 285 THIS AIRWAY DEFINED AS TACTICAL ATS ROUTE (CONDITIONAL ROUT,,,03 Nov 2024 14:16:00,
OIIX,A4540/24,OIIX/QRDCA/IV/BO/W/000/130/,2411160838,2501191930,0330-1930,"OID84 ACTIVATED, REF AIP PAGE ENR 5.1.3-8.",GND,13000,16 Nov 2024 08:38:00,
OIIX,A4544/24,OIIX/QRDCA/IV/BO/W/000/180/,2411160906,2501192030,0230-2030,"OID123 ACTIVATED, REF AIP PAGE ENR 5.1.3-12.",GND,18000,16 Nov 2024 09:16:00,
OIIX,A4353/24,OIIX/QARCS/IV/NBO/E/285/999/,2411031430,2412290230,1430-0230,NEW TEMPORARY UNIDIRECTIONAL EASTBOUND RNAV5 ATS ROUTE WITH DESIGNATOR Y1 ESTABLISHED WITH FLW SPECIFICATION: - FM SIBVU TO ULEXI MAG TRACK: 096/277 DIST: 259.5 NM LATERAL LIMITS: 10 NM MNM SAFE LEVEL: FL 285 - FM ULEXI TO DAR VOR/DME MAG TRACK: 134/315 DIST: 459.4 NM LATERAL LIMITS: 10 NM MNM SAFE LEVEL: FL 285 THIS AIRWAY DEFINED AS TACTICAL ATS ROUTE (CONDITIONAL ROUT,,,03 Nov 2024 14:08:00,
OIIX,A5090/24,OIIX/QWMLW/IV/BO/W/000/150/2802N05013E005,2412280930,2412281130,,"GUN FIRING WILL TAKE PLACE WI A CIRCLE,RADIUS 8 KM CENTERED AT: 280153N 0501313E DRG ACT MNM SAFE LVL ON AWY B416 BTN KUVER AND IMDAT RAISED TO FL170.",GND,15000,24 Dec 2024 08:48:00,
OITK,A1415/22,OIIX/QOBCH/IV/M /AE/000/045/3822N04459E005,2205071307,PERM,,"REF AIP PAGE AD 2-3 OITK ITEM 2.10, SPECIFICATIONS OF OBSTACLE IN APPROACH RWY 33 AND TKOF RWY 15 CHANGED AS FLW: OBST TYPE ELEVATION MARKINGS/LGT COORDINATES ------------------------------------------------------------- POWER LINE 4411 FT AMSL NIL FIRST: 382231N 0445909E LAST: 382307N 0450112E AMEND AIP ACCORDINGLY. CREATED: 05 Aug 2024 07:43:00 SOURCE: EUECYIYN",,,05 Aug 2024 07:43:00,
OITP,B0898/24,OIIX/QLRXX/A/000/999/,2411261441,2502232359 EST,,"TWR REMOTE CONTROL LGT SYSTEM FOR RWY 11/29 U/S, AND LGT INTENSITY SETTING UNDER CONTROL MANUALLY BY TECHNICAL UNIT. CREATED: 26 Nov 2024 14:44:00 SOURCE: OIIIYNYX",,,26 Nov 2024 14:44:00,
OITP,B0897/24,OIIX/QLAAS/IV/NBO/A/000/999/,2411261442,2502232359 EST,,SALS RWY 29 NOT OPR DUE TO PWR. CREATED: 26 Nov 2024 14:43:00 SOURCE: OIIIYNYX,,,26 Nov 2024 14:43:00,
OITP,B0787/24,OIIX/QLYAS/IV/M/A/000/999/,2410101801,2501062359 EST,,TWY EDGE LGT U/S. CREATED: 10 Oct 2024 18:05:00 SOURCE: OIIIYNYX,,,10 Oct 2024 18:05:00,
OITR,A4863/24,OIIX/QFFCH/IV/NBO/A/000/999/,2412090330,PERM,,"REF AIP PAGE AD 2-2 OITR ITEM 2-6, AD CAT FOR RESCUE AND FIRE FIGHTING SER IS CAT 7, REMARKS: CAT 8: - AVBL DRG SKED FLT, - FOR NON-SKED FLT PPR FM UROMIYEH AD AT LEAST 72 HR BFR EOBT, AMEND AIP ACCORDINGLY. CREATED: 07 Dec 2024 14:00:00 SOURCE: OIIIYNYX",,,07 Dec 2024 14:00:00,
OITZ,A4648/24,OIIX/QMRXX/A/000/999/,2411241140,2502201530 EST,,"WIP AND CANAL EXCAVATION EXIST BEYOND THR RWY 30 ON BOTH SIDES OF EXTENDED RCL WITH FLW SPECIFICATION: -NR 1: ON LEFT SIDE OF RWY 30, LEN: 550 M, WID: 1 M, DEP: 1.5 M, HILL HGT: 4 FT, DIST FM THR RWY 30: 320 M UP TO 350 M, DIST FM EXTENDED RCL: ON EXTENDED RCL UP TO 550 M. -NR 2: ON RIGHT SIDE OF RWY 30, LEN: 200 M, WID: 1 M, DEP: 1.5 M, HILL HGT: 4 FT, DIST FM THR RWY 30: 320 M UP TO 460 M, DIST FM EXTENDED RCL: ON EXTENDED RCL UP TO 200 M. CREATED: 24 Nov 2024 11:42:00 SOURCE: OIIIYNYX",,,24 Nov 2024 11:42:00,
OITZ,A4647/24,OIIX/QMRXX/A/000/999/,2411241138,2502201530 EST,,"WIP AND CANAL EXCAVATION EXIST ON BOTH SIDE OF RWY 12 WITH FLW SPECIFICATION: -NR 1: ON LEFT SIDE OF RWY12, LEN: 330 M, WID: 1 M, DEP: 1.5 M, HILL HGT: 4 FT DIST FM THR RWY 12: 180 M UP TO 560 M DIST FM RCL:195 M UP TO 400 M -NR 2: ON LEFT SIDE OF RWY 12, LEN: 1200 M, WID: 1 M, DEP: 1.5 M, HILL HGT: 4 FT DIST FM THR RWY 12: 180 M UP TO 1160 M DIST FM RCL AND EXTENDED RCL: 195 M FM RCL UP TO 190 M FM EXTENDED RCL -NR 3: ON RIGHT SIDE OF RWY 12, LEN: 1150 M, WID: 1 M, DEP: 1.5 M HILL HGT: 4 FT, DIST FM THR RWY 12: 180 M UP TO 1150 M DIST FM EXTENDED RCL: 190 M. CREATED: 24 Nov 2024 11:42:00 SOURCE: OIIIYNYX",,,24 Nov 2024 11:42:00,
OITZ,A4104/24,OIIX/QCACS/IV/B/AE/000/999/,2410151821,PERM,,"REF AIP PAGE AD 2-5 OITZ ITEM 2.18, NEW ATS COM FAC INSTL AND OPR WITH FLW SPECIFICATIONS: - SER DESIGNATION: AFIS, - CALL SIGN: ZANJAN INFO, - FREQ: 121.500 MHZ, RMK: EMERG, - HR OF OPERATION: HS, AMEND AIP ACCORDINGLY. CREATED: 15 Oct 2024 18:22:00 SOURCE: OIIIYNYX",,,15 Oct 2024 18:22:00,
OIZC,B0974/24,OIIX/QNXXX/AE/000/999/,2412230848,2503232359 EST,,UDF FLTCK EXPIRED. CREATED: 23 Dec 2024 08:48:00 SOURCE: OIIIYNYX,,,23 Dec 2024 08:48:00,
OIZC,B0957/24,OIIX/QNNXX/E/000/999/,2412230840,2503232359 EST,,TACAN CBH CH 116X FLTCK EXPIRED. CREATED: 23 Dec 2024 08:39:00 SOURCE: OIIIYNYX,,,23 Dec 2024 08:39:00,
OIIX,A5105/24,OIIX/QWMLW/IV/BO/W/000/130/,2412260330,2412291430,0330-1430,ROCKET LAUNCHES WILL TAKE PLACE WI AREA WITH FLW COORDINATE: 343400N 0510500E 345700N 0532800E 355800N 0561800E 345700N 0573100E 330800N 0561000E 341300N 0505300E TO THE POINT OF ORIGIN. DUR ACT MNM SAFE LVL ON AWYS: - G208/L125 BTN RADAL AND ROVAD - M715 BTN OBRIX AND RERET - R659 BTN VAVIN AND SOLIR - W159 BTN ROVAD AND ALMUD - M318 BTN IMKUK AND DAPIN - B411 BTN GIBAB AND RABAM - A647 BTN ULANO AND MITUS - L720 BTN ITELO AND ULANO RAISED TO FL150.,GND,13000,25 Dec 2024 13:00:00,
OIIX,A5075/24,OIIX/QNVAS/IV/BO/AE/000/999/,2412240746,2503232359 EST,,"VOR ANK FREQ 112.700 MHZ U/S, AND SUBSEQUENTLY REQUIRED FLTCK. CREATED: 24 Dec 2024 07:46:00 SOURCE: OIIIYNYX",,,24 Dec 2024 07:46:00,
OIIX,A4545/24,OIIX/QRDCA/IV/BO/W/000/160/,2411160915,2501192030,0230-2030,"OID122 ACTIVATED, REF AIP PAGE ENR 5.1.3-12.",GND,16000,16 Nov 2024 09:18:00,
OIIX,A4977/24,OIIX/QKKKK/K/K/K/000/999/,2412160730,2412240730 EST,,CHECKLIST: YEAR 2022: 0253 1415 1416 1417 1418 1892 2367 YEAR 2023: 1718 1719 1720 1721 2113 2496 YEAR 2024: 1456 1517 1518 1519 1520 1521 1522 1554 1556 1557 1559 1824 1896 2133 2618 2619 2620 2621 2649 2936 2953 3045 3230 3255 3258 3313 3314 3316 3348 3349 3358 3362 3437 3438 3440 3441 3442 3443 3444 3445 3446 3447 3449 3451 3452 3460 3470 3533 3535 3667 3668 3669 3890 3988 3990 3991 3992 3994 4077 4078 4103 4104 4144 4145 4184 4185 4196 4209 4211 4227 4248 4249 4250 4251 4264 4266 4276 4301 4305 4306 4307 4308 4310 4311 4313 4316 4320 4330 4351 4352 4353 4354 4355 4357 4358 4359 4360 4362 4363 4364 4365 4366 4367 4368 4369 4370 4371 4372 4373 4374 4384 4393 4417 4425 4426 4458 4459 4460 4461 4462 4475 4487 4497 4500 4524 4525 4528 4529 4530 4533 4534 4535 4536 4537 4538 4539 4540 4541 4544 4545 4547 4548 4549 4553 4554 4564 4596 4597 4605 4614 4619 4647 4648 4649 4652 4660 4661 4663 4665 4666 4667 4668 4673 4674 4675 4677 4678 CREATED: 16 Dec 2024 08:02:00 SOURCE: OIIIYNYX,,,16 Dec 2024 08:02:00,
OIIX,A4919/24,OIIX/QOAXX/A/000/999/,2502200000,2503052359,,NIL NOTIFICATION: NO AIRAC AIP AMDT WILL BE PUBLISHED ON AIRAC EFFECTIVE DATE 20 FEB 2025 CREATED: 10 Dec 2024 08:01:00 SOURCE: OIIIYNYX,,,10 Dec 2024 08:01:00,
OIIX,A4918/24,OIIX/QOAXX/A/000/999/,2501230000,2502052359,,NIL NOTIFICATION: NO AIRAC AIP AMDT WILL BE PUBLISHED ON AIRAC EFFECTIVE DATE 23 JAN 2025 CREATED: 10 Dec 2024 07:58:00 SOURCE: OIIIYNYX,,,10 Dec 2024 07:58:00,
OIIX,A4665/24,OIIX/QAFXX/E/000/999/,2411261230,2412252359,,REF AIP SUP 8/24 TRAFFIC ORIENTATION SCHEME (TO,,,26 Nov 2024 12:32:00,
OIIX,A4652/24,OIIX/QFATT/IV/BO/A/000/999/,2412260000,2501082359,,"TRIGGER NOTAM-PERM AIRAC AIP AMDT 4/24 WEF 26 DEC 2024 WILL BE IN FORCE AND FLW INFO MENTIONED: THE AIP SUP 9/24 PUBLISHED AND SUPERSEDES AIP SUP 8/24 AND AIP SUP 10/24 PUBLISHED, SOME CHANGES IN PART GEN: 0.2, 0.3, 0.4, SOME CHANGES IN PART ENR: 2.1, 3.1, 3.3, 3.5, 4.1, 4.4, 5.1.3, 5.5, 6.1, SOME CHANGES IN PART AD: 1.2, 1.5, AND OIAA AND OIBP: ADC, OIBA: OBST, ALL IAC, OIAG: OPR HR, ATS COM FAC, OIHR: ADDN INFO, OITL: AD GEO AND ADMINISTRATIVE DATA, ATS AIRSPACE, ATS COM FAC, ALL SID AND STAR AND IAC, OIBH: RWY PHYSICAL CHARACTERISTICS, OIMB: ATS COM FAC, ADDN INFO, OIMN: AD GEO AND ADMINISTRATIVE DATA, OPR HR, MET INFO, ATS AIRSPACE, ADC, OIHH: ADDN INFO, ADC, OICI: RESCUE AND FIRE FIGHTING SER, OIIP: ALL IAC, OITM: OBST, MET INFO, ALL IAC, OIMM: DECLARED DISTANCES, OINN: OBST, OINZ: AD GEO AND ADMINISTRATIVE DATA, CREATED: 25 Nov 2024 06:42:00 SOURCE: OIIIYNYX",,,25 Nov 2024 06:42:00,
OIIX,A4614/24,OIIX/QRRCH/IV/BO/W/000/225/,2411201301,2502182030,,"REF AIP PAGE ENR 5.1.2-6, THE SPECIFICATIONS OF RESTRICTED AREA OIR71 KHOR TEMPO CHG AS FLW: IDENTIFICATION: OIR71, NAME: KHOR, LATERAL LIMITS: CIRCLE, 25 NM RADIUS CENTERED AT 325130N 0582630E EXCLUDING THE SEGMENT FM 331026N 0584557E CLOCKWISE TO 323928N 0585230E ARE JOINED BY DIRECT LINE, LOWER LIMIT: GND, UPPER LIMIT: FL225, TIME OF ACTIVITY: GND UP TO FL 125: H24, FM FL 125 UP TO FL 225: NOTIFIED BY OIMB ATC, REMARK: - COMPETENT AUTHORITY: IRIAF, - ALL FLIGHTS SHALL CONTACT KHOR AD FOR MILITARY IDENTIFICATION BEFORE ENTERING OIR71.",GND,FL225,20 Nov 2024 13:02:00,
OIIX,A4605/24,OIIX/QRDCA/IV/BO/W/000/180/,2411200722,2501191830,NOV 20 TO NOV 27 / 0330-1830 NOV 28 TO DEC 4 / 0330-1330 DEC 5 TO JAN 19 / 0330-1830,"OID125 ACTIVATED, REF AIP PAGE ENR 5.1.3-12.",GND,18000,20 Nov 2024 07:22:00,
OIIX,A4549/24,OIIX/QRDCA/IV/BO/W/000/140/,2411160936,2501191630,0330-1630,"REF AIP PAGE ENR 5.1.3-12,OID126 ACTIVATED",GND,14000,16 Nov 2024 09:41:00,
OIIX,A4548/24,OIIX/QRDCA/IV/BO/W/000/150/,2411160932,2501191630,0230-1630,"OID128 ACTIVATED, REF AIP PAGE ENR 5.1.3-13.",GND,15000,16 Nov 2024 09:35:00,
OIIX,A4354/24,OIIX/QARCS/IV/NBO/E/285/999/,2411031430,2412290230,1430-0230,NEW TEMPORARY UNIDIRECTIONAL EASTBOUND RNAV5 ATS ROUTE WITH DESIGNATOR Y2 ESTABLISHED WITH FLW SPECIFICATION: - FM ZAJ VOR/DME TO ULEXI MAG TRACK: 061/241 DIST: 143.7 NM LATERAL LIMITS: 10 NM MNM SAFE LEVEL: FL 285 THIS AIRWAY DEFINED AS TACTICAL ATS ROUTE (CONDITIONAL ROUT,,,03 Nov 2024 14:11:00,
OIIX,A4351/24,OIIX/QRDCD/IV/BO/W/000/999/,2411031430,2412290230,1430-0230,"REF AIP ENR 5.1.3, DANGER AREAS: OID118, OID117, OID51, OID90, OID41, OID91, OID56, OID8, OID23, OID124, OID46, OID34, OID16, OID75, OID48, OID95, OID36, OID47 AND OID25 DEACTIVATED. CREATED: 03 Nov 2024 13:58:00 SOURCE: OIIIYNYX",,,03 Nov 2024 13:58:00,
OIIX,A4352/24,OIIX/QRCXX/ / / /000/999/,2411031430,2412290230,1430-0230,"REF AIP ENR 5.1.4, CAUTION AREAS OIC65 AND OIC64 DEACTIVATED. CREATED: 03 Nov 2024 14:02:00 SOURCE: OIIIYNYX",,,03 Nov 2024 14:02:00,
OIMM,A5024/24,OIIX/QMPLC/IV/BO/A/000/999/,2412210941,2503181230,,REF AIP PAGE AD2 OIMM ADC STAND 115 CLSD . CREATED: 21 Dec 2024 09:40:00 SOURCE: OIIIYNYX,,,21 Dec 2024 09:40:00,
OIII,A4266/24,OIIX/QMXXX/A/000/999/,2410280531,2501011130 EST,,"REF AIP AD 2.20 ITEM 6-1-4, TWY A3, A4, A5 OPN AND ONLY AVBL FOR EMERG EXIT. CREATED: 28 Oct 2024 05:31:00 SOURCE: OIIIYNYX",,,28 Oct 2024 05:31:00,
OIII,A4264/24,OIIX/QFGXX/A/000/999/,2410280529,2501011130 EST,,"REF AIP PAGE AD 2-11 OIII ITEM 2.18, MEHRABAD CLEARANCE DELIVERY NOT OPR. CREATED: 28 Oct 2024 05:28:00 SOURCE: OIIIYNYX",,,28 Oct 2024 05:28:00,
OIII,A4227/24,OIIX/QLPAS/IV/BO/A/000/999/,2410240545,2501220700 EST,,PAPI RWY 29R NOT OPR. CREATED: 24 Oct 2024 05:47:00 SOURCE: OIIIYNYX,,,24 Oct 2024 05:47:00,
OIII,A4196/24,OIIX/QWCLW/ /M/W/000/100/3546N05134E001,2410220517,2501202030 EST,,"AN UNLIGHTED CAPTIVE BALLOON WILL TAKE PLACE, WI CIRCLE RADIUS 1 KM CENTERED AT : 354622N 0513341E.",GND,10000,22 Oct 2024 05:22:00,
OIII,A3668/24,OIIX/QGAAU/I/NBO/A/000/275/,2410012054,2412302359 EST,,"GPS UNRELIABLE AND MAY BE UNAVAILABLE WITHIN AREA WITH THE LATERAL LIMITS OF TEHRAN TMA AS SPECIFIED IN IRAN AIP, FM GND UP TO FL 275, EGPWS/GPWS MAY DISPLAY ERRONEOUS INDICATION AND MAP SHIFTING, AS REPORTED FREQUENTLY PILOTS SHALL REPORT GPS ANOMALIES INCLUDING DEGRADED OPERATION AND/OR LOSS OF SERVICE, AS SOON AS POSSIBLE",GND,FL275,01 Oct 2024 20:52:00,
OIII,A1824/24,OIIX/QSTXX/A/000/999/,2405200908,2406212030 EST,,"ALL DOMESTIC IFR DEPARTURES ARE CLEARED TO FILED FLIGHT PLAN DESTINATION VIA FILED FLIGHT PLAN ROUTE FOLLOWING MEHRABAD 2A/MEHRABAD 1B DEPARTURE. UPON RECEIVING OF SQUAWK CODE, THE PILOT SHALL READ BACK THE CODE FOLLOWED BY MEHRABAD 2A/MEHRABAD 1B DEPARTURE AND TMA EXIT POINT. CREATED: 20 May 2024 09:11:00 SOURCE: OIIIYNYX",,,20 May 2024 09:11:00,
OIII,B0963/24,OIIX/QNMXX/AE/000/999/,2412230844,2503232359 EST,,TACAN THR CH 80X FLTCK EXPIRED. CREATED: 23 Dec 2024 08:42:00 SOURCE: OIIIYNYX,,,23 Dec 2024 08:42:00,
OIIE,A5092/24,OIIX/QPIXX/A/000/999/,2412240857,2412302030 EST,,"REF NOTAM A5016/24 AND NOTAM A5015/24 ,ARRIVALS EXPECT: ILS APPROACH RWY 29R FOLLOWED BY CIRCLING FOR RWY 29L, VOR/DME APPROACH 29R FOLLOWED BY CIRCLING 29L, VOR/DME (CIRCLIN",,APPROACH,24 Dec 2024 08:55:00,
OIIE,A5087/24,OIIX/QLPAS/IV/BO/A/000/999/,2412240806,2503232359 EST,,PAPI RWY 29R U/S AND SUBSEQUENTLY REQUIRED FLTCK. CREATED: 24 Dec 2024 08:05:00 SOURCE: OIIIYNYX,,,24 Dec 2024 08:05:00,
OIIE,A5018/24,OIIX/QFAXX/IV/NBO/A/000/999/,2412201341,2412302030 EST,,"REF NOTAM A5011/24 AND NOTAM A5013/24, ALL FLT NOT AUTH TO FILE OIIE AP AS AN ALTN AD IN FPL, (EXC THOSE FLT DEP FM OII",,,20 Dec 2024 13:42:00,
OIIE,A5017/24,OIIX/QPIXX/A/000/999/,2412201312,2412302030 EST,,"REF NOTAM A5011/24 AND AIP PAGE AD 2 OIIE IAC 0-1-1 AND IAC 0-1-2, INSTRUMENT APPROACH PROCEDURE TEHRAN/IMAM KHOMAINI RNP RWY 29R CAT A/B/C/D, AND INSTRUMENT APPROACH PROCEDURE TABULAR DESCRIPTION TEHRAN/IMAM KHOMAINI RNP RWY 29R CAT A/B/C/D, SUSPENDED. CREATED: 20 Dec 2024 13:12:00 SOURCE: OIIIYNYX",,,20 Dec 2024 13:12:00,
OIIE,A5016/24,OIIX/QPIXX/A/000/999/,2412201254,2412302030 EST,,"REF NOTAM A5011/24, AND AIP PAGE AD 2 OIIE IAC 2-1, IAC 2-2, THE OCA/H STRAIGHT SECTION FOR FLW INSTRUMENT APPROACH PROCEDURES SUSPENDED, ONLY OCA/H FOR CIRCLING AVBL: INSTRUMENT APPROACH PROCEDURE VOR/DME RWY 29R CAT A/B/C/D, INSTRUMENT APPROACH PROCEDURE VOR/DME RWY 11R/L CAT A/B/C/D. CREATED: 20 Dec 2024 12:53:00 SOURCE: OIIIYNYX",,,20 Dec 2024 12:53:00,
OIIE,A5015/24,OIIX/QPIXX/A/000/999/,2412201253,2412302030 EST,,"REF NOTAM A5011/24, AND AIP PAGE AD 2 OIIE IAC 1-1, THE OCA/H CAT II AND CAT I SECTION FOR INSTRUMENT APPROACH PROCEDURE ILS RWY 29R CAT A/B/C/D SUSPENDED, ONLY OCA/H FOR CIRCLING AVBL. CREATED: 20 Dec 2024 12:51:00 SOURCE: OIIIYNYX",,,20 Dec 2024 12:51:00,
OIIE,A5014/24,OIIX/QFAXX/IV/NBO/A/000/999/,2412201251,2412302030 EST,,"REF NOTAM A5011/24 AND NOTAM A5013/24, DLA MAY OCCUR TO ALL TFC. CREATED: 20 Dec 2024 12:50:00 SOURCE: OIIIYNYX",,,20 Dec 2024 12:50:00,
OIIE,A5013/24,OIIX/QMRXX/A/000/999/,2412201249,2412302030 EST,,"REF NOTAM A5011/24 AND AIP PAGE AD 2-9 OIIE ITEM 2.12, RWY 11R/29L AS A NON-INSTR RWY USABLE FOR TKOF AND LDG WITH NO RESTRICTION FOR ACFT OPS ON PARALLEL TWY, TEMPO SUSPENDED NR 1, 2 AND 9 AT REMARK SECTION OF ITEM 2.12. CREATED: 20 Dec 2024 12:48:00 SOURCE: OIIIYNYX",,,20 Dec 2024 12:48:00,
OIIE,A5012/24,OIIX/QMXLC/IV/M/A/000/999/,2412201247,2412302030 EST,,"REF NOTAM A5011/24, TWY E BTN RWY 11R/29L AND RWY 11L/29R CLSD DUE TO WIP. CREATED: 20 Dec 2024 12:47:00 SOURCE: OIIIYNYX",,,20 Dec 2024 12:47:00,
OIIE,A5011/24,OIIX/QMRLC/IV/NBO/A/000/999/,2412201244,2412302030 EST,,"RWY 11L/29R CLSD BTN TWY Z AND D DUE TO WIP, REMAINING PART OF RWY 11L/29R USABLE FOR TAX. CREATED: 20 Dec 2024 12:44:00 SOURCE: OIIIYNYX",,,20 Dec 2024 12:44:00,
OIIE,A3669/24,OIIX/QGAAU/I/NBO/A/000/275/,2410012058,2412302359 EST,,"GPS UNRELIABLE AND MAY BE UNAVAILABLE WITHIN AREA WITH THE LATERAL LIMITS OF TEHRAN TMA AS SPECIFIED IN IRAN AIP, FM GND UP TO FL 275, EGPWS/GPWS MAY DISPLAY ERRONEOUS INDICATION AND MAP SHIFTING, AS REPORTED FREQUENTLY PILOTS SHALL REPORT GPS ANOMALIES INCLUDING DEGRADED OPERATION AND/OR LOSS OF SERVICE, AS SOON AS POSSIBLE.",GND,FL275,01 Oct 2024 20:55:00,
OIIE,A3358/24,OIIX/QOBCE/IV/M/AE/000/999/,2409231307,PERM,,"TWO NEW OBSTACLES EXIST IN APPROACH/TKOF AREAS WITH FLW SPECIFICATIONS: 1- TYPE: GP ANTENNA, RWY/AREA AFFECTED: 11L/APCH 29R/TKOF, ELEVATION: 3353 FT AMSL, MARKINGS/LGT: MARKED/LGTD, COORDINATES: 352532N 0510732E , 2- TYPE: LOC ANTENNA, RWY/AREA AFFECTED: 29R/APCH 11L/TKOF, ELEVATION: 3267 FT AMSL, MARKINGS/LGT: MARKED/LGTD, COORDINATES: 352444N 0511009E , AMEND AIP PAGE AD 2-7 OIIE ITEM 2.10 . CREATED: 23 Sep 2024 13:08:00 SOURCE: OIIIYNYX",,,23 Sep 2024 13:08:00,
OIIE,A2367/22,OIIX/QFDAS/I /M /A /000/999/3525N05109E005,2208090616,2211072359 EST,,"ACFT DOCKING GUIDANCE SYSTEM STAND NR 104R, 114R AND 116R U/S, DUE TO NEW STAND MARKING. CREATED: 05 Aug 2024 07:45:00 SOURCE: EUECYIYN",,,05 Aug 2024 07:45:00,
OIMM,A5033/24,OIIX/QMRLT/IV/NBO/A/000/999/,2412211121,2412281230,,REF NOTAM A5023/24 TAKOF AND LDG NOT AUTH ON RWY 13R/31L JUST AVLB AS TWY CREATED: 21 Dec 2024 11:21:00 SOURCE: OIIIYNYX,,,21 Dec 2024 11:21:00,
OIMM,A5029/24,OIIX/QCAAH/IV/B/AE/000/999/,2412210953,2503102030,"FREQ 121.700 MHZ AND 275.800 MHZ, HOURS OF OPR CHENGE TO 0130-2030. CREATED: 21 Dec 2024 09:57:00 SOURCE: OIIIYNYX","REF AIP PAGE AD 2-9 OIMM ITEM 2.18, GND SER (MASHHAD GROUN",,,21 Dec 2024 09:57:00,
OIMM,A5028/24,OIIX/QMXLC/IV/M/A/000/999/,2412210953,2501201230,,TWY C CLSD DUE TO CONST WORK. CREATED: 21 Dec 2024 09:52:00 SOURCE: OIIIYNYX,,,21 Dec 2024 09:52:00,
OIMM,A5027/24,OIIX/QFAXX/IV/NBO/A/000/999/,2412210949,2503181230,,"DUE TO TWR RECONSTRUCTION AND VIEW LIMIT TO THE SOUTH PATTERN FM TEMPO TWR PSN, RIGHT DOWN WIND RWY 13 (LEFT DOWNWIND RWY 31) IS NOT USABLE UNLESS IN EMERG COND. CREATED: 21 Dec 2024 09:50:00 SOURCE: OIIIYNYX",,,21 Dec 2024 09:50:00,
OIMM,A5026/24,OIIX/QMXLC/IV/M/A/000/999/,2412210943,2412311230,,TWY A CLSD DUE TO CONST WORK. CREATED: 21 Dec 2024 09:44:00 SOURCE: OIIIYNYX,,,21 Dec 2024 09:44:00,
OIII,A4417/24,OIIX/QPIAU/I/NBO/A/000/999/,2411060907,2502042030 EST,,"REF AIP PAGE AD 2 OIII IAC 1-1 AND IAC 1-1-1, - INSTRUMENT APPROACH PROCEDURE TEHRAN/MEHRABAD ILS Z OR LOC Z RWY 29L CAT A/B/C/D , AND - INSTRUMENT APPROACH PROCEDURE TABULAR DESCRIPTION TEHRAN/MEHRABAD ILS Z RWY 29L CAT A/B/C/D, SUSPENDED. CREATED: 06 Nov 2024 09:10:00 SOURCE: OIIIYNYX",,,06 Nov 2024 09:10:00,
OIII,A4983/24,OIIX/QFAAL/A/000/999/,2412161640,2503161000,,"REF AIP PAGE AD 2-19 OIII, ITEM 2.21 NOISE ABATEMENT PROCEDURES NR 3, CURFEW RESTRICTION AT MEHRABAD AP IS TEMPO SUSPENDED. CREATED: 16 Dec 2024 16:51:00 SOURCE: OIIIYNYX",,,16 Dec 2024 16:51:00,
OIII,A5039/24,OIIX/QMXHW/IV/M/A/000/999/,2412220700,2501220700 EST,,CONST WORK AT 50 M NORTH OF TWY A BTN TWY A1 AND TWY A2 MACHINERY OPERATED WITH MAX HIGHT 14FT. CREATED: 22 Dec 2024 06:39:00 SOURCE: OIIIYNYX,,,22 Dec 2024 06:39:00,
OIIX,A0798/21,OIIX/QKKKK/K/K/K/000/999/,2103150730,2103230730 EST,,"CHECKLIST OF AIP SUPPLEMENT: 2015: 94 TO 105, 107 2019: 6 TO 21 2020: 1 CHECKLIST OF AIC: 2008: 2, 3, 4, 5, 9 2010: 1 2014: 1, 2 2015: 1 2018: 2 2019: 2 2020: 1, 2 LATEST PUBLICATIONS: AIRAC AIP AMDT: 1/21 REGULAR AIP AMDT: 1/20 AIP SUP: 8/21 AIC: 2/20 NO AIRAC AIP AMDT WILL BE PUBLISHED ON AIRAC EFFECTIVE DATE 22 APR 2021 AND 20 MAY 2021 NOTE: ONLY NOTAM CLASS TWO 34/1989 IS VALID. END PART 2 OF 2 CREATED: 15 Mar 2021 07:54:00 SOURCE: OIIIYNYX",,,15 Mar 2021 07:54:00,
OIIX,A4320/24,OIIX/QARLC/IV/NBO/E/000/999/,2410301658,2412292030 EST,,"AIRWAY N39 BTN DEMBA AND OBRIX CLSD. - ALTN TOS FOR WESTBOUND: RADAL DCT IMKER DCT ULDUS, MNM FLT LVL: FL 275, - ALTN TOS FOR EASTBOUND: ULDUS DCT ALKUP DCT IMLIM DCT OXADU M715 OBRIX, MNM FLT LVL: FL 285. CREATED: 30 Oct 2024 16:59:00 SOURCE: OIIIYNYX",,,30 Oct 2024 16:59:00,
OIIX,A4313/24,OIIX/QARLC/IV/NBO/E/000/999/,2410301134,2412302030 EST,,"AWY G208/L125 BTN RADAL AND IKA DVOR/DME CLSD, FLIGHT CAN FILE FPL FROM ROVAD DCT IKA DVOR/DME. ) DUPE CREATED: 30 Oct 2024 11:54:00 SOURCE: OIIIYNYX",,,30 Oct 2024 11:54:00,
OIIX,A4311/24,OIIX/QCECS/I/B/E/000/999/,2410301020,2501282030 EST,"ASSIST ACFT IN EMERGENCY SITUATIONS,","REF AIP PAGE ENR 1.6-1, RADAR SER PROVIDED BY THE TEHRAN ACC SECTOR 6 EAST ON FREQ 123.900 MHZ, 284.900 MHZ FOR MIL ACFT AND SECTOR 6 WEST 123.900 MHZ(H24), 132.900 MHZ (FREQ MAY NOT BE AVBL H24), 284.900 MHZ FOR MIL ACFT (REF AIP PAGE ENR 2.1-3) WI THEIR RADAR COVERAGE, AT AND ABOVE FL 280 AND BASED ON SSR RADAR, THE RADAR SER MAY BE USED TO PERFORM THE FLW FUNCTIONS:",,,30 Oct 2024 10:22:00,
OIIX,A4310/24,OIIX/QARCH/IV/BO/E/000/999/,2410301015,2501282030 EST,,"THE SPECIFICATION OF THE FLW ATS ROUTES SIMULTANEOUSLY AVBL AS RNAV5 FM MNM SAFE LVL OF RELATED ATS ROUTES: R659, R654, G666, G669, W10, W143, A788 AND G452. CREATED: 30 Oct 2024 10:16:00 SOURCE: OIIIYNYX",,,30 Oct 2024 10:16:00,
OIIX,A4308/24,OIIX/QCACF/IV/B/AE/000/999/,2410300958,2501282030 EST,,"REF AIP PAGE ENR 2.1, FREQ 316.800 MHZ SECTOR 1 NORTH/EAST/WEST, FREQ 351.900 MHZ SECTOR 2 EAST/WEST, FREQ 326.400 MHZ SECTOR 3 NORTH/SOUTH, FREQ 291.700 MHZ SECTOR 4 EAST/WEST/SOUTH, FREQ 309.100 MHZ SECTOR 5 EAST/WEST, FREQ 284.900 MHZ SECTOR 6 EAST/WEST AND FREQ 302.400 MHZ SECTOR 7 CHANGED TO FREQ 258.400 MHZ. CREATED: 30 Oct 2024 10:00:00 SOURCE: OIIIYNYX",,,30 Oct 2024 10:00:00,
OIIX,A4307/24,OIIX/QAECA/IV/NBO/E/195/999/,2410300957,2501282030 EST,,"NEW CTA ESTABLISHED AT SOUTH OF TEHRAN FIR WI AREA WITH FOLLOWING SPECIFICATIONS: 282731N 0520543E , KATAG, KUPTO, KASOL, 283811N 0532523E , 282300N 0533600E , 275700N 0535300E , LAR VOR/DME, 271545N 0542844E , SERDU, DAPER, MIDSI, 264600N 0514158E , DEPSU TO THE POINT OF ORIGIN. LOWER LIMIT: FL 195 UPPER LIMIT: UNL CLASS OF AIRSPACE: AT FL 200 CLASS D, ABOVE FL 200 CLASS A, UNIT PROVIDING SERVICE: TEHRAN ACC, CALL SIGN: TEHRAN RADAR, LANGUAGES: ENGLISH - PERSIAN, HOURS OF SERVICE: H24, FREQUENCY: 133.400 MHZ.",FL195,UNL,30 Oct 2024 09:58:00,
OIIX,A4306/24,OIIX/QCAAS/IV/B/AE/000/999/,2410300948,2501282030 EST,,"REF AIP PAGE ENR 2.1-1 TEHRAN FIR, TEHRAN INFORMATION, HF FREQ 5658 KHZ, 5667 KHZ, 6925 KHZ, 8091 KHZ, 8918 KHZ, 10018 KHZ, 13288 KHZ AND 13312 KHZ U/S. CREATED: 30 Oct 2024 09:49:00 SOURCE: OIIIYNYX",,,30 Oct 2024 09:49:00,
OIIX,A4276/24,OIIX/QXXXX/ / / /000/999/,2410291401,2501272030 EST,,"FOREIGN AIRLINES AND ACFT OPS DEPARTING FM IRANIAN AIRPORTS ARE REQUIRED TO ADDRESS FPL AND RELATIVE UPDATES TO ADDRESS OIIXIFPS, FOR TRANSITING INTL FLT VIA TEHRAN FIR AND INTL INBOUND TFC TO IRANIAN AIRPORTS SHALL FLW PROCEDURE SPECIFIED IN IRAN AIP ENR 1.11 . CREATED: 29 Oct 2024 14:03:00 SOURCE: OIIIYNYX",,,29 Oct 2024 14:03:00,
OIIX,A3667/24,OIIX/QGWAU/IV/NBO/AE/000/999/,2410012049,2412302359 EST,,PROBABLE GPS (GNS,GND,UNL,01 Oct 2024 20:48:00,
OIIX,A3255/24,OIIX/QRDCH/IV/BO/W/000/295/,2409260000,PERM,,REF AIP PAGE ENR 5.1.3-10 THE SPECIFICATIONS OF DANGER AREA OID97 CHG AS FLW: LOWER LIMIT : GND UPPER LIMIT : FL295 NATURE OF HAZARD : AIR TO GROUND AND GROUND TO AIR AMEND AIP ACCORDINGLY.,GND,FL295,18 Sep 2024 08:15:00,
OIIX,A2936/24,OIIX/QRDCH/IV/BO/W/000/999/,2409010000,PERM,,"REF AIP PAGE ENR 5.1.3-9, UPPER LIMIT OF DANGER AREA OID93 (GHO",GND,FL155,24 Aug 2024 10:17:00,
OIIX,B0992/24,OIIX/QARLV/V/NBO/E/000/130/,2412260330,2412291430,0330 - 1430,"REF NOTAM A5105/24, ALL VFR SUSPENDED WI MENTIONED AREA.",GND,13000,25 Dec 2024 13:07:00,
OIII,A5055/24,OIIX/QMRLC/IV/NBO/A/000/999/,2412222030,2412280130,2030 - 0130,"RWY 11R/29L CLSD FM THE BEGINNING OF RWY 29L UP TO TWY B5 DUE TO RUBBER DEPOSIT REMOVAL, REMAINING PART OF RWY 11R/29L USABLE FOR TAXI. CREATED: 22 Dec 2024 16:45:00 SOURCE: OIIIYNYX",,,22 Dec 2024 16:45:00,
OIIX,B0991/24,OIIX/QWMLW/IV/BO/W/000/080/2950N05957E003,2412270130,2412271230,,GUN FIRING WILL TAKE PLACE WI CIRCLE RADIUS 5 KM CENTERED AT: 294950N 0595652E,GND,8000,25 Dec 2024 08:10:00,
OIIX,B0981/24,OIIX/QWULW/IV/BO/W/000/100/,2412232030,2501192030,,RPA (REMOTELY PILOTED ACF,GND,10000,23 Dec 2024 17:31:00,
OIIX,B0952/24,OIIX/QKKKK/K/K/K/000/999/,2412230730,2412310730 EST,,CHECKLIST: YEAR 2019: 0756 0760 YEAR 2022: 0060 0061 0062 0063 0064 0065 0066 0069 0070 YEAR 2024: 0713 0714 0715 0722 0723 0724 0728 0729 0730 0731 0732 0733 0734 0735 0736 0737 0738 0739 0740 0741 0742 0743 0744 0745 0746 0747 0748 0749 0750 0751 0752 0753 0776 0787 0807 0808 0810 0815 0832 0833 0863 0873 0875 0876 0878 0887 0888 0889 0896 0897 0898 0901 0902 0906 0914 0946 0947 0948 0949 0950 0951 LATEST AIP AMENDMENTS AIRAC AIP AMDT 4/24 WEF 26 DEC 2024 AIP AMDT 1/20 01 JAN 2020 CHECKLIST OF AIP SUP AND AIC AIRAC AIP SUP: 94/15 95/15 96/15 97/15 98/15 99/15 100/15 101/15 102/15 103/15 104/15 105/15 6/19 9/19 11/19 12/19 11/21 22/21 8/24 AIP SUP: 2/23 2/24 11/24 12/24 AIC: 2/08 3/08 4/08 5/08 9/08 1/14 2/14 1/15 2/18 2/20 2/23 3/23 1/24 NO AIRAC AIP AMDT WILL BE PUBLISHED ON AIRAC EFFECTIVE 23 JAN 2025 AND 20 FEB 2025 NOTE: ONLY NOTAM CLASS TWO 34/1989 IS VALID. CREATED: 23 Dec 2024 07:31:00 SOURCE: OIIIYNYX,,,23 Dec 2024 07:31:00,
OIIX,B0948/24,OIIX/QWMLW/IV/BO/W/000/180/,2412220330,2412271330,0330 - 1330,GUN FIRING WILL TAKE PLACE WI AREA : 304400N 0500400E 303300N 0501400E 301700N 0500500E 302500N 0495000E TO THE POINT OF ORIGIN.,GND,FL180,21 Dec 2024 09:20:00,
OIIX,B0878/24,OIIX/QWMLW/IV/BO/W/000/130/,2411171358,2501191830,0330-1830,GUN FIRING WILL TAKE PLACE WI AREA : 332300N 0604400E 332200N 0604400E 332200N 0604300E 332300N 0604300E TO THE POINT OF ORIGIN.,GND,13000,17 Nov 2024 14:00:00,
OIIX,B0876/24,OIIX/QWMLW/IV/BO/W/000/130/,2411210330,2501191430,0330-1430,GUN FIRING WILL TAKE PLACE WI AREA: 370400N 0474400E 370400N 0474000E 370700N 0473900E 370700N 0474300E TO THE POINT OF ORIGIN.,GND,13000,16 Nov 2024 11:24:00,
OIIX,B0875/24,OIIX/QWMLW/IV/BO/W/000/110/,2411160850,2501191830,0330-1830,GUN FIRING WILL TAKE PLACE WI AREA : 345700N 0591300E 345400N 0591300E 345500N 0591200E 345700N 0591200E TO THE POINT OF ORIGIN.,GND,11000,16 Nov 2024 09:03:00,
OIIX,B0873/24,OIIX/QWMLW/IV/BO/W/000/150/,2411160803,2501191830,0330-1830,GUN FIRING WILL TAKE PLACE WI AREA : 370500N 0454500E 370000N 0453000E 370000N 0450500E 371000N 0453000E TO THE POINT OF ORIGIN.,GND,15000,16 Nov 2024 08:07:00,
OIIX,B0863/24,OIIX/QWMLW/IV/BO/W/000/080/,2411121330,2502101630,1330 - 1630,GUN FIRING WILL TAKE PLACE WI AREA WITH THE FLW COORDINATION: 343000N 0511416E 343800N 0511416E 343810N 0514200E 342956N 0514152E TO THE POINT OF ORIGIN.,GND,8000,11 Nov 2024 10:07:00,
OITK,A1416/22,OIIX/QOBCE/IV/M /AE/000/047/3821N04500E005,2205071310,PERM,,"REF AIP PAGE AD 2-3 OITK ITEM 2.10, NEW OBSTACLE EXIST IN APPROACH RWY 33 AND TKOF RWY 15 WITH FLW SPECIFICATIONS: OBST TYPE ELEVATION MARKINGS/LGT COORDINATES ------------------------------------------------------------- POWER LINE 4621 FT AMSL NIL FIRST: 382145.2N 0450027E 2NDT: 382142N 0450031E AMEND AIP ACCORDINGLY. CREATED: 05 Aug 2024 07:43:00 SOURCE: EUECYIYN",,,05 Aug 2024 07:43:00,
OITK,A1417/22,OIIX/QOBCH/IV/M /AE/000/041/3825N04458E005,2205071312,PERM,,"REF AIP PAGE AD 2-3 OITK ITEM 2.10, SPECIFICATIONS OF 2 OBSTACLES ?IN CIRCLING AREA AND AT AD? CHANGED AS FLW: OBST TYPE ELEVATION MARKINGS/LGT COORDINATES ------------------------------------------------------------- ANTENNA 3991 FT AMSL NIL 382523N 0445815E TWR BUILDING 4055 FT AMSL LGTD 382517N 0445823E AMEND AIP ACCORDINGLY. CREATED: 05 Aug 2024 07:43:00 SOURCE: EUECYIYN",,,05 Aug 2024 07:43:00,
OITK,A1418/22,OIIX/QOBCE/IV/M /AE/000/040/3825N04458E005,2205071316,PERM,,"REF AIP PAGE AD 2-3 OITK ITEM 2.10, NEW OBSTACLE EXIST ?IN CIRCLING AREAS AND AT AD? WITH FLW SPECIFICATIONS: OBST TYPE ELEVATION MARKINGS/LGT COORDINATES ----------------------------------------------------------------- NDB ANTENNA 3947 FT AMSL NIL 382546.8N 0445808.5E AMEND AIP ACCORDINGLY. CREATED: 05 Aug 2024 07:43:00 SOURCE: EUECYIYN",,,05 Aug 2024 07:43:00,
OIBH,B0810/24,OIIX/QLBAS/V/M/A/000/999/,2410270348,2501232359 EST,,ABN U/S. CREATED: 27 Oct 2024 03:49:00 SOURCE: OIIIYNYX,,,27 Oct 2024 03:49:00,
OIBL,A4661/24,OIIX/QFFCH/IV/NBO/A/000/999/,2411270330,2412281130,"EV SAT, MON, WED / 0330-1130",AD CAT FOR RESCUE AND FIRE FIGHTING SER INCRASED TO CAT 6. CREATED: 26 Nov 2024 10:51:00 SOURCE: OIIIYNYX,,,26 Nov 2024 10:51:00,
OIBS,B0901/24,OIIX/QMWXX/A/000/999/,2411281033,2502270615 EST,,"A CANAL EXCAVATION ALONG AND RIGHT SIDE OF RWY 12: DIST FM THR RWY 12: 556 M DIST FM RCL: 135 M LEN: 1800 M, WID: 1.75 M, DPT: 1.75 M MOUND HGT: 5 FT CREATED: 28 Nov 2024 10:36:00 SOURCE: OIIIYNYX",,,28 Nov 2024 10:36:00,
OIBV,B0776/24,OIIX/QOBCE/IV/M/AE/000/999/,2410020429,2412312359 EST,,"TWO UNLIGHTED AND UNMARKED OBST EXIST ON RIGHT BASE AREA AFFECTED RWY 29, WITH FLW SPECIFICATION : OBST TYPE: COM MAST, ELEV: 94 FT AMSL , COORD : 264854N 0532150E OBST TYPE: WATER TANK, ELEV: 130 FT AMSL ,COORD : 264831N 0532211E CREATED: 02 Oct 2024 04:40:00 SOURCE: OIIIYNYX",,,02 Oct 2024 04:40:00,
OICI,A5100/24,OIIX/QCAAH/IV/B/AE/000/999/,2412241223,2501182030,,"REF AIP PAGE AD 2-6 OICI ITEM 2.18 ATS COMMUNICATION FACILITIES, HOURS OF OPERATION FREQ 118.800 MHZ, 121.600 MHZ, 121.500 MHZ AND 126.050 MHZ CHANGED TO: 0300-1330 , OTHER TIMES O/R AT LEAST 24 HOURS BFR EOBT FROM ILAM AIRPORT. CREATED: 24 Dec 2024 12:22:00 SOURCE: OIIIYNYX",,,24 Dec 2024 12:22:00,
OICI,A5099/24,OIIX/QFAAH/IV/NBO/A/000/999/,2412241222,2501182030,,"REF AIP PAGE AD 2-1 OICI ITEM 2.3 OPERATIONAL HOURS NR 7, HOURS OF OPERATION ATS CHANGED TO: 0300-1330 , OTHER TIMES O/R AT LEAST 24 HOURS BFR EOBT FROM ILAM AIRPORT. CREATED: 24 Dec 2024 12:21:00 SOURCE: OIIIYNYX",,,24 Dec 2024 12:21:00,
OICI,A2649/24,OIIX/QFFCH/IV/NBO/A/000/999/,2407271756,PERM,,"REF AIP PAGE AD 2-2 OICI ITEM 2.6, AD CAT FOR FIRE FIGHTING AND RESCUE SER CAT 3 AND UP TO CAT 7 IS AVBL DRG SKED FLIGHTS OPERATION AND DRG NON-SKED FLIGHTS OPERATION THAT PPR AT LEAST 48 HR BFR EOBT FM OICI. CREATED: 27 Jul 2024 18:02:00 SOURCE: OIIIYNYX",,,27 Jul 2024 18:02:00,
OICK,A4660/24,OIIX/QMXLC/IV/M/A/000/999/,2411260802,2502250800 EST,,"REF AIP PAGE AD 2 OICK ADC, TWY B, C AND D CLSD. CREATED: 26 Nov 2024 08:05:00 SOURCE: OIIIYNYX",,,26 Nov 2024 08:05:00,
OICK,A4530/24,OIIX/QPAAU/I/NBO/A/000/999/,2411160740,2501150630,EV WED/0330-0630,"REF NOTAM A4525/24 , AND REF AIP PAGE AD 2 OICK STAR 1-1 STANDARD INSTRUMENT ARRIVAL (STA",,,16 Nov 2024 07:48:00,
OICK,A4529/24,OIIX/QPDAU/I/NBO/A/000/999/,2411160731,2501150630,EV WED/0330-0630,"REF NOTAM A4525/24, AND REF AIP PAGE AD 2 OICK SID 1-1, STANDARD INSTRUMENT DEPARTURE (SI",,,16 Nov 2024 07:33:00,
OICK,A4528/24,OIIX/QPIAU/I/NBO/A/000/999/,2411160712,2501150630,EV WED/0330-0630,"REF NOTAM A4525/24 , ALL IAC SUSPENDED. CREATED: 16 Nov 2024 07:18:00 SOURCE: OIIIYNYX",,,16 Nov 2024 07:18:00,
OICS,A4956/24,OIIX/QMRXX/A/000/999/,2412120630,2503121330,,"A POND EXISTS ON LEFT SIDE OF RWY 19 WITH FLW SPECIFICATIONS : DIST FM THR RWY 19 : 2200 M AFTER THR DIST FM RCL 19 : 145 M WID : 230 M, LEN : 460 M, DPT : 8 M, DIFFERENT KINDS OF BIRDS AND WILD ANIMALS EXIST IN THIS AREA. CREATED: 12 Dec 2024 06:32:00 SOURCE: OIIIYNYX",,,12 Dec 2024 06:32:00,
OICS,A4955/24,OIIX/QMRXX/A/000/999/,2412120630,2503121330,,"DIFFERENCES IN SFC EXIST AT THE BEGINNING OF RIGHT SIDE OF RWY 19 WITH FLW SPECIFICATIONS: DIST FM RCL 19 : 120 M WID : 32 M, LEN : 1000 M, DPT : 4 M. CREATED: 12 Dec 2024 06:30:00 SOURCE: OIIIYNYX",,,12 Dec 2024 06:30:00,
OICS,A4596/24,OIIX/QOBCE/IV/M/AE/000/999/,2411190557,2502171330 EST,,TWO SNOW PLOUGH BLADE EXIST ON LEFT SIDE OF RWY 19 WITH MAX HGT OF 6 FT AND WID OF 5 M WITH FLW SPECIFICATIONS : DIST FM THR RWY 19 : 890 M DIST FM RCL 19 : 133 M CREATED: 19 Nov 2024 05:59:00 SOURCE: OIIIYNYX,,,19 Nov 2024 05:59:00,
OICS,A4539/24,OIIX/QPIAU/I/NBO/A/000/999/,2411160835,2501161630,"EV TUE, WED AND THU / 1330-1630","REF NOTAM A4535/24 , ALL IAC SUSPENDED. CREATED: 16 Nov 2024 08:35:00 SOURCE: OIIIYNYX",,,16 Nov 2024 08:35:00,
OICS,A4538/24,OIIX/QPDAU/I/NBO/A/000/999/,2411160832,2501161630,"EV TUE, WED AND THU / 1330-1630","REF NOTAM A4535/24 AND REF AIP PAGE AD 2 OICS SID 1-1, STANDARD INSTRUMENT DEPARTURE (SI",,,16 Nov 2024 08:34:00,
OICS,A4537/24,OIIX/QPAAU/I/NBO/A/000/999/,2411160826,2501161630,"EV TUE, WED AND THU / 1330-1630",REF NOTAM A4535/24 AND REF AIP PAGE AD 2 OICS STAR 1-1 STANDARD INSTRUMENT ARRIVAL (STA,,,16 Nov 2024 08:31:00,
OICS,A4209/24,OIIX/QFFCH/IV/NBO/A/000/999/,2410230620,PERM,,"REF AIP PAGE AD 2-2 OICS ITEM 2.6, AD CAT FOR RESCUE AND FIRE FIGHTING SERVICES CHANGE TO CAT 3, REMARKS: CAT 6 AVBL DRG SCHEDULED FLIGHTS OPERATIONS AND DRG NON-SCHEDULED FLIGHTS OPERATIONS THAT PPR AT LEAST 72 HR BEFOR EOBT FROM SANANDAJ AD, AMEND AIP ACCORDINGLY. CREATED: 23 Oct 2024 06:26:00 SOURCE: OIIIYNYX",,,23 Oct 2024 06:26:00,
OIFE,B0906/24,OIIX/QLBAS/V/M/A/000/999/,2412020643,2503020640 EST,,ABN U/S. CREATED: 02 Dec 2024 06:51:00 SOURCE: OIIIYNYX,,,02 Dec 2024 06:51:00,
OIFE,B0715/24,OIIX/QMHXX/A/000/999/,2409250742,2412250600 EST,,"REF AIP PAGE AD 2-5 OIFE ITEM 2.23, NET BARRIER EXISTS AT THE END OF SWY RWY 25 (1000 M BFR THR RWY 07), AND WILL BE ENGAGED BY PRIOR ARRANGMENT , HGT DRG ENGAGEMENT IS 110 CM AGL. CREATED: 25 Sep 2024 07:45:00 SOURCE: OIIIYNYX",,,25 Sep 2024 07:45:00,
OIFE,B0714/24,OIIX/QLTAS/IV/BO/A/000/999/,2409250739,2412250600 EST,,"REF AIP PAGE AD 2-4 OIFE ITEM 2.14, RWY 07 THR LGT U/S. CREATED: 25 Sep 2024 07:42:00 SOURCE: OIIIYNYX",,,25 Sep 2024 07:42:00,
OIFE,B0713/24,OIIX/QLIAS/IV/BO/A/000/999/,2409250737,2412250600 EST,,"REF AIP PAGE AD 2-4 OIFE ITEM 2.14, RWY 25 END LGT U/S. CREATED: 25 Sep 2024 07:40:00 SOURCE: OIIIYNYX",,,25 Sep 2024 07:40:00,
OIFK,B0887/24,OIIX/QOBCE/IV/M/AE/000/999/,2411210326,2502192030 EST,,"OBST AT LEFT SIDE OF RWY 29 WITH FLW SPECIFICATIONS: DIST FM THR: 1396 M, DIST FM RCL: 90 M, HGT: 10 FT, LEN: 11 M, WID: 11 M. CREATED: 21 Nov 2024 03:30:00 SOURCE: OIIIYNYX",,,21 Nov 2024 03:30:00,
OIFK,B0070/22,OIIX/QOBCE/IV/M/AE/000/999/,2201181844,2204191830 EST,,"OBSTACLE EXISTS AT RIGHT SIDE OF RWY 11 WITH FLW SPECIFICATIONS: DIST FM THR: 880 M, DIST FM RCL: 39 M, HGT: 4 FT, LEN: 1 M, WID: 0.5 M. CREATED: 27 Aug 2024 06:50:00 SOURCE: OIIIYNYX",,,27 Aug 2024 06:50:00,
OIFK,B0069/22,OIIX/QOBCE/IV/M/AE/000/999/,2201181838,2204191830 EST,,"OBSTACLE EXISTS AT RIGHT SIDE OF RWY 11 WITH FLW SPECIFICATIONS: DIST FM THR: 660 M, DIST FM RCL: 39 M, HGT: 4 FT, LEN: 1 M, WID: 0.5 M. CREATED: 27 Aug 2024 06:50:00 SOURCE: OIIIYNYX",,,27 Aug 2024 06:50:00,
OIBL,A4979/24,OIIX/QOBCE/IV/M/AE/000/999/,2412160843,2503162030 EST,,"REF AIP PAGE AD 2-3 OIBL ITEM 2.10, NEW UNMARKED/UNLIGHTED OBST EXISTS IN APCH RWY 08 / TKOF RWY 26 AREAS WITH FLW SPECIFICATIONS: OBST TYPE: BTS ANTENNA, ELEV: 165 FT AMSL / 30 M AGL, COORD: 263134N 0544804E. CREATED: 16 Dec 2024 08:44:00 SOURCE: OIIIYNYX",,,16 Dec 2024 08:44:00,
OIBH,B0815/24,OIIX/QOBCE/IV/M/AE/000/999/,2410280657,2501262359 EST,,"3 UNLIGHTED MAST AFFECTED RWY 33 APCH/RWY 15 TKOF AREAS EXIST WITH FLW SPECIFICATIONS: 1- OBSTACLE TYPE: BUILDING, HGT: 122 FT AMSL, PSN:294929N 0501702E, DIST: 890 M FM THR RWY 33, 2- OBSTACLE TYPE: FLOOD LIGHT, HGT: 112 FT AMSL, PSN: 294926N 0501700E, DIST: 954 M FM THR RWY 33, 3- OBSTACLE TYPE: FLOOD LIGHT, HGT: 109 FT AMSL, PSN: 294928N 0501659E, DIST:890 M FM THR RWY 33 CREATED: 28 Oct 2024 07:03:00 SOURCE: OIIIYNYX",,,28 Oct 2024 07:03:00,
OITK,A2113/23,OIIX/QCACS/IV/BO /AE/000/999/3825N04459E999,2307011023,PERM,,"REF AIP PAGE AD 2-4 OITK ITEM 2.18, NEW ATS COMMUNICATION FACILITIES INSTALLED AND OPR WITH FLW SPECIFICATIONS: - SERVICE DESIGNATION: AFIS, - CALL SIGN: KHOY INFORMATION, - FREQUENCY: 121.500 MHZ, RMK: EMERGENCY, - HOURS OF OPERATION: HS, AMEND AIP ACCORDINGLY. CREATED: 05 Aug 2024 07:45:00 SOURCE: EUECYIYN",,,05 Aug 2024 07:45:00,
OIBA,B0896/24,OIIX/QFFCH/IV/NBO/A/000/999/,2411290330,2412271130,EV FRI / 0330-1130,AD CAT FOR RESCUE AND FIRE FIGHTING SER INCRASED TO CAT 6. CREATED: 26 Nov 2024 05:57:00 SOURCE: OIIIYNYX,,,26 Nov 2024 05:57:00,
OIBP,A4763/24,OIIX/QLYAS/IV/M/A/000/999/,2412020746,2501011030 EST,,TWY C EDGE LGT U/S. CREATED: 02 Dec 2024 07:50:00 SOURCE: OIIIYNYX,,,02 Dec 2024 07:50:00,
OIBP,A4301/24,OIIX/QFULT/IV/NBO/A/000/999/,2410300652,2501290430 EST,,ONLY 3000 LITERS FUEL AVBL FOR EACH FLT. CREATED: 30 Oct 2024 06:55:00 SOURCE: OIIIYNYX,,,30 Oct 2024 06:55:00,
OIBP,A4103/24,OIIX/QFAXX/IV/NBO/A/000/999/,2410151321,2501141000,,"DUE TO TWR RECONSTRUCTION AND LIMITATION OF VIEW TO THE NORTH, PATTERN FROM TEMPORARY TWR POSITION, RIGHT DOWN WIND RWY31 (LEFT DOWN WIND RWY13) IS NOT USABLE UNLESS FOR EMERGENCY CONDITION. CREATED: 15 Oct 2024 13:21:00 SOURCE: OIIIYNYX",,,15 Oct 2024 13:21:00,
OIAA,A5078/24,OIIX/QISAS/I/NBO/A/000/999/,2412240750,2503232359 EST,,"ILS (LOC, GP, DM",,,24 Dec 2024 07:49:00,
OIAA,A1456/24,OIIX/QMRXX/A/000/999/,2404231143,2407231030 EST,,BUMPY SFC ALONG RWY 14R/32L BTN THR RWY 32L AND TWY E. CREATED: 23 Apr 2024 11:44:00 SOURCE: OIIIYNYX,,,23 Apr 2024 11:44:00,
OIAD,B0976/24,OIIX/QNNXX/E/000/999/,2412230851,2503232359 EST,,TACAN DZF CH 115X FLTCK EXPIRED. CREATED: 23 Dec 2024 08:49:00 SOURCE: OIIIYNYX,,,23 Dec 2024 08:49:00,
OIAD,B0960/24,OIIX/QNXXX/AE/000/999/,2412230840,2503232359 EST,,UDF FLTCK EXPIRED. CREATED: 23 Dec 2024 08:41:00 SOURCE: OIIIYNYX,,,23 Dec 2024 08:41:00,
OIAD,B0902/24,OIIX/QLEAS/I/BO/A/000/999/,2411300704,2412300700 EST,,RWY 14L/32R EDGE LGT EV OTHER ONE U/S. CREATED: 30 Nov 2024 07:06:00 SOURCE: OIIIYNYX,,,30 Nov 2024 07:06:00,
OIAD,B0760/19,OIIX/QMTCM/IV/NBO/A/000/999/,1910050949,1912302323 EST,,"REF NOTAM B0756/19, THR RWY 32L DISPLACED 1566 M AND THE FLW DECLARED DIST ARE AVBL: RWY TORA TODA ASDA LDA 14R 2287 4195 4195 3853 32L 3853 3853 3853 2287 CREATED: 27 Aug 2024 06:51:00 SOURCE: OIIIYNYX",,,27 Aug 2024 06:51:00,
OIAD,B0756/19,OIIX/QOBCE/IV/M/AE/000/999/,1910030910,1912300900 EST,,A LIGHTED ANTENNA ERECTED AT PSN: 322428N 0482506E HGT: 178 FT. CREATED: 27 Aug 2024 06:51:00 SOURCE: OIIIYNYX,,,27 Aug 2024 06:51:00,
OIAG,A2953/24,OIIX/QFAAH/IV/NBO/A/000/999/,2408260814,PERM,,"REF AIP PAGE AD 2-1 OIAG ITEM 2.3 NR 7, ATS OPERATION HOURS IS 0330-1230 UTC. AMEND AIP ACCORDINGLY. CREATED: 26 Aug 2024 08:16:00 SOURCE: OIIIYNYX",,,26 Aug 2024 08:16:00,
OIAJ,B0972/24,OIIX/QNXXX/AE/000/999/,2412230846,2503232359 EST,,UDF FLTCK EXPIRED. CREATED: 23 Dec 2024 08:47:00 SOURCE: OIIIYNYX,,,23 Dec 2024 08:47:00,
OIAJ,B0959/24,OIIX/QNNXX/E/000/999/,2412230842,2503232359 EST,,TACAN OMD CH 83X FLTCK EXPIRED CREATED: 23 Dec 2024 08:40:00 SOURCE: OIIIYNYX,,,23 Dec 2024 08:40:00,
OIAM,A5094/24,OIIX/QNMAS/IV/BO/AE/000/999/,2412240911,2503232359 EST,,DVOR/DME MAH FREQ 115.800 MHZ CH 105X U/S AND SUBSEQUENTLY REQUIRED FLTCK. CREATED: 24 Dec 2024 09:12:00 SOURCE: OIIIYNYX,,,24 Dec 2024 09:12:00,
OIAM,B0986/24,OIIX/QLPAS/IV/BO/A/000/999/,2412240808,2503232359 EST,,"REF AIP PAGE AD 2-6 OIAM ITEM 2.14, PAPI RWY 13 AND RWY 31 U/S AND SUBSEQUENTLY REQUIRED FLTCK. CREATED: 24 Dec 2024 08:08:00 SOURCE: OIIIYNYX",,,24 Dec 2024 08:08:00,
OIAM,B0889/24,OIIX/QMMXX/A/000/999/,2411210337,2502192030 EST,,"REF AIP PAGE AD 2-5 OIAM ITEM 2.12, DTHR MARKING FOR RWY 13 AND RWY 31 NOT AVBL. CREATED: 21 Nov 2024 03:39:00 SOURCE: OIIIYNYX",,,21 Nov 2024 03:39:00,
OIAM,B0888/24,OIIX/QLTAS/IV/BO/A/000/999/,2411210335,2502192030 EST,,"REF AIP PAGE AD 2-6 OIAM ITEM 2.14 AND AD 2-3 OIAM ITEM 2.9, THR AND WBAR LGT FOR RWY 13 AND RWY 31 U/S. CREATED: 21 Nov 2024 03:36:00 SOURCE: OIIIYNYX",,,21 Nov 2024 03:36:00,
OIBA,A1721/23,OIIX/QLECS/I /BO /A /000/999/2553N05502E005,2305241521,PERM,,"EDGE LGT FOR RWY 08/26 CHANGED AND OPR WITH FLW SPECIFICATIONS: - RWY 08: EDGE LGT LEN: 2699 M, SPACING: 60 M, COLOUR: WHITE, INTST: LIH, - RWY 26: EDGE LGT LEN: 2724 M, SPACING: 60 M, COLOUR: WHITE, INTST: LIH, AMEND AIP PAGE AD 2-4 OIBA ITEM 2.14 . CREATED: 05 Aug 2024 07:44:00 SOURCE: EUECYIYN",,,05 Aug 2024 07:44:00,
OIBA,A1720/23,OIIX/QLSCS/I /BO /A /000/999/2553N05502E005,2305241518,PERM,,"SWY LGT FOR RWY 08 AND RWY 26 DEFINED AND OPR WITH FLW SPECIFICATIONS: - RWY 08: SWY LGT LEN: 166 M, COLOUR: RED, - RWY 26: SWY LGT LEN: 167 M, COLOUR: RED, AMEND AIP PAGE AD 2-4 OIBA ITEM 2.14 . CREATED: 05 Aug 2024 07:44:00 SOURCE: EUECYIYN",,,05 Aug 2024 07:44:00,
OIBA,A1719/23,OIIX/QLIAW/IV/BO /A /000/999/2553N05502E005,2305241516,PERM,,"REF AIP PAGE AD 2-4 OIBA ITEM 2.14, WBAR FOR END LGT RWY 08 AND WBAR FOR END LGT RWY 26 COMPLETELY WITHDRAWN, AMEND AIP ACCORDINGLY. CREATED: 05 Aug 2024 07:44:00 SOURCE: EUECYIYN",,,05 Aug 2024 07:44:00,
OIBA,A1718/23,OIIX/QLPCS/IV/BO /A /000/999/2553N05502E005,2305241513,PERM,,"NEW PAPI FOR RWY 08 AND RWY 26 INSTALLED AND OPR AS FLW SPECIFICATIONS: - RWY 08 PAPI LEFT/3 DEG, MEHT 16 M/52.5 FT, - RWY 26 PAPI LEFT/3 DEG, MEHT 17.5 M/57.5 FT, AMEND AIP PAGE AD 2-4 OIBA ITEM 2.14 . CREATED: 05 Aug 2024 07:44:00 SOURCE: EUECYIYN",,,05 Aug 2024 07:44:00,
OIBA,A2621/24,OIIX/QOBCE/IV/M/AE/000/999/,2407231326,PERM,,REF AIP PAGE AD 2-3 OIBA ITEM 2.10 NEW OBSTACLES EXIST IN CIRCLING AREAS AND AT AD WITH FLW SPECIFICATIONS: NR OBST TYPE ELEVATION MARK/LGTD COORDINATES ------------------------------------------------------------------ 1- ANTENNA 448 FT AMSL NIL 255307N 0550202E 2- BUILDING 138 FT AMSL LGTD 255243N 0550128E 3- ANTENNA 454 FT AMSL LGTD 255252N 0550049E 4- ANTENNA 227 FT AMSL NIL 255236N 0550106E 5- ANTENNA 209 FT AMSL NIL 255235N 0550105E 6- ANTENNA 131 FT AMSL NIL 255236N 0550042E 7- ANTENNA 211 FT AMSL NIL 255319N 0550238E AMEND AIP ACCORDINGLY CREATED: 23 Jul 2024 13:30:00 SOURCE: OIIIYNYX,,,23 Jul 2024 13:30:00,
OIBA,A2620/24,OIIX/QOBCE/IV/M/AE/000/999/,2407231319,PERM,,"REF AIP PAGE AD 2-3 OIBA ITEM 2.10, NEW OBSTACLES EXIST WITH FLW SPECIFICATIONS:",,,23 Jul 2024 13:25:00,
OIBA,A2619/24,OIIX/QOBAW/IV/M/AE/000/999/,2407231258,PERM,,"REF AIP PAGE AD 2-3 OIBA ITEM 2.10, THE FOLLOWING OBSTACLES IN APCH / TKOF AREA AFFECTED COMPLETELY WITHDRAWN: OBST TYPE RWY/AREA ELEVATION MARK/LGT COORDINATES. ------------------------------------------------------------------- 1.POWER LINE 08/ APCH 20 FT AGL LGTD 262M BEFORE 26/ TKOF THR RWY 08 90M RIGHT SIDE OF EXTENDED RWY CL AMEND AIP ACCORDINGLY CREATED: 23 Jul 2024 13:08:00 SOURCE: OIIIYNYX",,,23 Jul 2024 13:08:00,
OIBA,A2618/24,OIIX/QOBAW/IV/M/AE/000/999/,2407231255,PERM,,"REF AIP PAGE AD 2-3 OIBA ITEM 2.10, THE FOLLOWING OBSTACLES IN CIRCLING AREA AND AT AD COMPLETELY WITHDRAWN: NR OBST TYPE ELEVATION MARKINGS/LGT COORDINATES -------------------------------------------------------------------- 1. COM ANTENNA 328 FT AGL LGTD 255252N 0550047E 2. AN ANTENNA 148 FT AGL NIL 255235N 0550043E 3. HILL WITH GROUP 515 FT AMSL NIL 255308N 0550203E OF ANTENNA AT TOP OF IT 4. HILL WITH ANTENNA 168 FT AMSL NIL 255236N 0550106E AT TOP OF IT 5. HILL 98 FT AGL NIL 255235N 0550301E 6. OLD TERMINAL 20 FT AGL NIL LEFT SIDE OF THR RWY08 90M FROM RWY CL 7. BUILDING 10 FT AGL NIL LEFT SIDE OF THR RWY08 98M FROM RWY CL 8. COM MAST 75 FT AMSL LGTD/MARKED 255232N 05550049E AMEND AIP ACCORDINGLY CREATED: 23 Jul 2024 13:05:00 SOURCE: OIIIYNYX",,,23 Jul 2024 13:05:00,
OIFK,B0066/22,OIIX/QOBCE/IV/M/AE/000/999/,2201181802,2204191800 EST,,"OBSTACLE EXISTS AT LEFT SIDE OF RWY 29 WITH FLW SPECIFICATIONS: DIST FM THR: 1450 M, DIST FM RCL: 32 M, HGT: 4 FT, LEN: 1 M, WID: 0.5 M. CREATED: 27 Aug 2024 06:50:00 SOURCE: OIIIYNYX",,,27 Aug 2024 06:50:00,
OIFK,B0065/22,OIIX/QOBCE/IV/M/AE/000/999/,2201181754,2204191730 EST,,"OBSTACLE EXISTS AT LEFT SIDE OF RWY 29 WITH FLW SPECIFICATIONS: DIST FM THR: 1410 M, DIST FM RCL: 47 M, HGT: 4 FT, LEN: 1 M, WID: 0.5 M. CREATED: 27 Aug 2024 06:50:00 SOURCE: OIIIYNYX",,,27 Aug 2024 06:50:00,
OIFK,B0062/22,OIIX/QOBCE/IV/M/AE/000/999/,2201181706,2204191030 EST,,"OBSTACLE EXIST AT LEFT SIDE OF RWY 29 WITH FLW SPECIFICATIONS: DIST FM THR: 950 M, DIST FM RCL: 82 M, HGT: 11 FT, LEN: 2.5 M, WID: 2 M. CREATED: 27 Aug 2024 06:49:00 SOURCE: OIIIYNYX",,,27 Aug 2024 06:49:00,
OIFK,B0064/22,OIIX/QOBCE/IV/M/AE/000/999/,2201181747,2204191700 EST,,"OBSTACLE EXISTS AT LEFT SIDE OF RWY 29 WITH FLW SPECIFICATIONS: DIST FM THR: 900 M, DIST FM RCL: 32 M, HGT: 4 FT, LEN: 0.5 M, WID: 0.5 M. CREATED: 27 Aug 2024 06:48:00 SOURCE: OIIIYNYX",,,27 Aug 2024 06:48:00,
OIMN,A5103/24,OIIX/QFFCH/IV/NBO/A/000/999/,2412250915,2412270600 EST,,"REF AIP PAGE AD 2-2 OIMN ITEM 2-6 , AD CAT FOR RESCUE AND FIRE FIGHTING SERVICES INCREASED TO CAT 7. CREATED: 25 Dec 2024 09:17:00 SOURCE: OIIIYNYX",,,25 Dec 2024 09:17:00,
OIMN,A5082/24,OIIX/QLPAS/IV/BO/A/000/999/,2412240801,2503232359 EST,,PAPI RWY 25 U/S AND SUBSEQUENTLY REQUIRED FLTCK. CREATED: 24 Dec 2024 08:00:00 SOURCE: OIIIYNYX,,,24 Dec 2024 08:00:00,
OIMN,A5079/24,OIIX/QISAS/I/NBO/A/000/999/,2412240751,2503232359 EST,,ILS (LOC-DM,,,24 Dec 2024 07:50:00,
OIMS,A5037/24,OIIX/QCAAH/IV/B/AE/000/999/,2412211845,2503192230,,"REF AIP PAGE AD 2-6 OIMS ITEM 2.18 ATS COMMUNICATION FACILITIES, HOURS OF OPERATION FREQ 118.150 MHZ, 121.900 MHZ AND 121.500 MHZ CHANGED TO 0330-2230 AND OUT OF THESE TIMES PPR. CREATED: 21 Dec 2024 18:45:00 SOURCE: OIIIYNYX",,,21 Dec 2024 18:45:00,
OIMS,A5036/24,OIIX/QFAAH/IV/NBO/A/000/999/,2412211843,2503192230,,"REF AIP PAGE AD 2-1 OIMS ITEM 2.3 NR 7, ATS OPERATIONAL HOURS CHANGE TO 0330-2230 AND OUT OF THESE TIMES PPR. CREATED: 21 Dec 2024 18:42:00 SOURCE: OIIIYNYX",,,21 Dec 2024 18:42:00,
OIMT,A4305/24,OIIX/QFFCH/IV/NBO/A/000/999/,2410310330,PERM,,"AD CAT FOR RESCUE AND FIRE FIGHTING SERVICES IS CAT 3, ALSO CAT 6 IS AVAILABLE DURING SCHEDULED FLIGHT OPERATIONS AND DURING NONSCHEDULED FLIGHT OPERATIONS THAT PPR AT LEAST 72 HR BEFORE FROM BIRJAND AD. CREATED: 30 Oct 2024 09:37:00 SOURCE: OIIIYNYX",,,30 Oct 2024 09:37:00,
OING,A5069/24,OIIX/QOBCH/IV/M/AE/000/999/,2412231841,PERM,,REF AIP PAGE AD 2-3 OING ITEM 2.10 AD OBSTACLES TWO OBST IN CIRCLING AREA AND AT AD CHG WITH FLW SPECIFICATIONS: OBST TYPE ELEV MARKINGS/LGT COORD --------------------------------------------------------------------- BLDG(HANGE,,,23 Dec 2024 18:43:00,
OING,A5068/24,OIIX/QOBCH/IV/M/AE/000/999/,2412231838,PERM,,"REF AIP PAGE AD 2-3 OING ITEM 2.10 AD OBSTACLES, THREE OBST IN APCH 31 / TKOF 13 AFFECTED CHG WITH FLW SPECIFICATIONS: OBST TYPE ELEV MARKINGS/LGT COORD --------------------------------------------------------------------- BUILDING 171 FT AMSL LGTD 365303N 0542555E PWR LINE 340 FT AMSL NIL 365227N 0542704E PWR LINE 320 FT AMSL NIL 365234N 0542717E AMEND AIP ACCORDINGLY. CREATED: 23 Dec 2024 18:40:00 SOURCE: OIIIYNYX",,,23 Dec 2024 18:40:00,
OING,A5067/24,OIIX/QOBCE/IV/M/AE/000/999/,2412231827,PERM,,"REF AIP PAGE AD 2-3 OING ITEM 2.10 AD OBSTACLES, 6 NEW OBSTACLES EXIST IN CIRCLING AREAS AND AT AD WITH FLW SPECIFICATIONS: OBST TYPE ELEV MARK/LGTD COORD --------------------------------------------------------------------- BTS 113 FT AMSL LGTD 365344N 0542555E BTS 121 FT AMSL LGTD 365335N 0542557E PWR LINE 302 FT AMSL NIL 365244N 0542743E BLDG(SIL",,,23 Dec 2024 18:33:00,
OING,A5064/24,OIIX/QOBCE/IV/M/AE/000/999/,2412231801,PERM,,"REF AIP PAGE AD 2-3 OING ITEM 2.10 AD OBSTACLES, 3 NEW OBST EXIST IN APCH / TKOF AREAS AFFECTED WITH FLW SPECIFICATIONS: OBST TYPE RWY/AREA ELEV MARKINGS/LGT COORD -------------------------------------------------------------------- GROUPS OF HILL 13/APCH -54 FT AMSL NIL 365510N 0542323E 31/TKOF GP ANTENNA 31/APCH -13 FT AMSL LGTD/MARKED 365513N 0542307.3E 13/TKOF WDI 31/APCH -8 FT AMSL LGTD/MARKED 365412N 0542426E 13/TKOF AMEND AIP ACCORDINGLY. CREATED: 23 Dec 2024 18:08:00 SOURCE: OIIIYNYX",,,23 Dec 2024 18:08:00,
OING,A5063/24,OIIX/QOBAW/IV/M/AE/000/999/,2412231751,PERM,,"REF AIP PAGE AD 2-3 OING ITEM 2.10 AD OBSTACLES, THE FLW OBST IN CIRCLING AREA AND AT AD COMPLETELY WITHDRAWN: OBST TYPE ELEV MARKINGS/LGT COORD --------------------------------------------------------------------- BLDG -8 FT AMSL NIL 365359N 0542438E GROUPS OF HILL 9 FT AGL NIL RIGHT SIDES OF RWY 31 ANTENNA -3 FT AMSL LGTD 365412N 0542426E GP ANTENNA -33 FT AMSL(26 FT AG",,,23 Dec 2024 17:54:00,
OING,A5062/24,OIIX/QOBAW/IV/M/AE/000/999/,2412231746,PERM,,"REF AIP PAGE AD 2-3 OING ITEM 2.10 AD OBSTACLES, THE OBST IN APCH 31 / TKOF 13 AFFECTED WITH FLW SPECIFICATIONS, COMPLETELY WITHDRAWN: - OBST TYPE: LLZ ANTENNA, - ELEV: -16 FT AMSL, - COORD: 365401.8N 0542446.4E , AMEND AIP ACCORDINGLY. CREATED: 23 Dec 2024 17:46:00 SOURCE: OIIIYNYX",,,23 Dec 2024 17:46:00,
OING,A4961/24,OIIX/QMNHW/IV/BO/A/000/999/,2412131432,2503131500 EST,,WIP EXISTS AT NORTH OF APN NEXT TO APN EDGE LINE. CREATED: 13 Dec 2024 14:35:00 SOURCE: OIIIYNYX,,,13 Dec 2024 14:35:00,
OINN,A5032/24,OIIX/QOBCE/IV/M/AE/000/999/,2412211045,2503211400 EST,,TWO NEW UNLIGHTED UNMARKED MASTS EXIST SOUTH OF RWY 10/28 WITH FLW SPECIFICATION: 1:DIST FM THR RWY 28: 821 M DIST FM RCL 28: 172 M HGT: 17 FT AGL 2:DIST FM THR RWY 28: 1072 M DIST FM RCL 28: 137 M HGT: 12 FT AGL CREATED: 21 Dec 2024 10:47:00 SOURCE: OIIIYNYX,,,21 Dec 2024 10:47:00,
OINN,B0949/24,OIIX/QMRHW/IV/NBO/A/000/999/,2412211029,2503211400 EST,,"A CRANE ERECTED AT SOUTH SIDE OF RWY 10/28 WITH FLW SPECIFICATIONS: DIST FM THR RWY 10: 398 M, DIST FM RCL: 200 M, HGT: 72 FT. CREATED: 21 Dec 2024 10:34:00 SOURCE: OIIIYNYX",,,21 Dec 2024 10:34:00,
OINZ,A5040/24,OIIX/QMRHW/IV/NBO/A/000/999/,2412220649,2501220600 EST,,"CONST WORK EXIST LEFT SIDE OF RWY 34 ALONG THE RWY, DIST FM CL 70 M UP TO 150 M. CREATED: 22 Dec 2024 06:48:00 SOURCE: OIIIYNYX",,,22 Dec 2024 06:48:00,
OINZ,A4704/24,OIIX/QLPAS/IV/BO/A/000/999/,2411300613,2502280600 EST,,PAPI RWY 16 NOT OPR. CREATED: 30 Nov 2024 06:13:00 SOURCE: OIIIYNYX,,,30 Nov 2024 06:13:00,
OINZ,A4393/24,OIIX/QMRXX/A/000/999/,2411041241,2502031000 EST,,"A CANAL EXISTS WEST OF RWY 16/34 WITH FLW SPECIFICATIONS: DIST FM DTHR 34: 800 M UP TO 1500 M DIST FM RCL: 90 M LEN:700 M, WID:3 M, DPT:2 M. CREATED: 04 Nov 2024 12:42:00 SOURCE: OIIIYNYX",,,04 Nov 2024 12:42:00,
OINZ,A1892/22,OIIX/QMNCS/IV/BO /A /000/999/3638N05312E005,2206211046,PERM,,NEW APRON EXIST NORTH OF OLD APRON (REF AIP PAGE AD 2 OINZ AD,,,05 Aug 2024 07:44:00,
OISF,B0994/24,OIIX/QSFAU/IV/B/A/000/999/,2412251323,2503251240 EST,,AFIS FREQ 118.950 MHZ NOT AVBL CREATED: 25 Dec 2024 13:27:00 SOURCE: OIIIYNYX,,,25 Dec 2024 13:27:00,
OISF,B0993/24,OIIX/QNBAS/IV/BO/AE/000/999/,2412251326,2503251240 EST,,NDB FSA 216 KHZ NOT OPR CREATED: 25 Dec 2024 13:26:00 SOURCE: OIIIYNYX,,,25 Dec 2024 13:26:00,
OISL,A4500/24,OIIX/QNBAS/IV/BO/AE/000/999/,2411131010,2502120700 EST,,NDB LAR FREQ 224 KHZ NOT OPR DUE TO MAINT. CREATED: 13 Nov 2024 10:11:00 SOURCE: OIIIYNYX,,,13 Nov 2024 10:11:00,
OISL,A3994/24,OIIX/QFALT/IV/NBO/A/000/999/,2410081235,2501062030 EST,,"REF AIP PAGE AD 2-5 OISL ITEM 2.17 ATS AIRSPACE NR 3 AIRSPACE CLASSIFICATION, DRG SKED AND NON-SKED ARRIVING AND DEPARTING PASSENGER FLT AND CARGO FLT OPERATION AIRSPACE CLASSIFICATION IS D, OTHER TIMES AIRSPACE CLASSIFICATION IS G. FOR NON-SKED FLT PPR AT LEAST 72 HR BFR EOBT FM LAR AD. CREATED: 08 Oct 2024 12:36:00 SOURCE: OIIIYNYX",,,08 Oct 2024 12:36:00,
OISR,A4554/24,OIIX/QFFCH/IV/NBO/A/000/999/,2411180230,2502120230,EV MON AND WED,AD CAT FOR RESCUE AND FIRE FIGHTING SER INCRASED TO CAT 7. CREATED: 16 Nov 2024 13:10:00 SOURCE: OIIIYNYX,,,16 Nov 2024 13:10:00,
OISY,A4316/24,OIIX/QOBCE/IV/M/AE/000/999/,2410301158,2501291100,,NEW UNMARKED UNLIGHTED OBST EXISTS IN APCH RWY13 / TKOF RWY 31 AREAS WITH FLW SPECIFICATIONS: OBST TYPE : BTS ANTENNA PSN : 304452.94N 0512848.32E HGT: 197 FT DIST BEFOR DTHR RWY 13: 6500 M ON EXTENDED RWY CL . CREATED: 30 Oct 2024 12:00:00 SOURCE: OIIIYNYX,,,30 Oct 2024 12:00:00,
OIMC,A2496/23,OIIX/QFALT/IV/NBO/A /000/999/3629N06104E005,2307300818,2310280820 EST,,SARAKHS AIRPORT IS ONLY AVAILABLE FOR SPECIALIZED OPERATION (OTHER THAN COMMERCIAL AIR TRANSPOR,,,05 Aug 2024 07:45:00,
OIMC,A3991/24,OIIX/QPIXX/A/000/999/,2410081217,2501062030 EST,,"REF AIP PAGE AD 2 OIMC IAC 4-1 , INSTR APPROACH PROCEDURE SARAKHS/SARAKHS CIRCLING NDB/DME CAT A/B/C/D SUSPENDED. CREATED: 08 Oct 2024 12:17:00 SOURCE: OIIIYNYX",,,08 Oct 2024 12:17:00,
OIMC,A3992/24,OIIX/QCAAS/IV/B/AE/000/999/,2410081222,2501062030 EST,,"REF AIP PAGE AD 2-4 OIMC ITEM 2.18 ATS COM FAC, EMERG FREQ 121.500 MHZ U/S. CREATED: 08 Oct 2024 12:23:00 SOURCE: OIIIYNYX",,,08 Oct 2024 12:23:00,
OIKM,A5058/24,OIIX/QLBAS/V/M/A/000/999/,2412230504,2503171000 EST,,"REF AIP PAGE AD 2-5 OIKM ITEM AD 2.15 , ABN U/S. CREATED: 23 Dec 2024 05:04:00 SOURCE: OIIIYNYX",,,23 Dec 2024 05:04:00,
OIFK,B0063/22,OIIX/QOBCE/IV/M/AE/000/999/,2201181735,2204191734 EST,,"OBSTACLE EXISTS AT LEFT SIDE OF RWY 29 WITH FLW SPECIFICATIONS: DIST FM THR: 950 M, DIST FM RCL: 59 M, HGT: 7 FT, LEN: 3 M, WID: 1.5 M. CREATED: 27 Aug 2024 06:48:00 SOURCE: OIIIYNYX",,,27 Aug 2024 06:48:00,
OIFK,B0061/22,OIIX/QOBCE/IV/M/AE/000/999/,2201181655,2204191030 EST,,"MAST EXIST LEFT SIDE OF RWY 29 WTH FLW SPECIFICATION: DIST FM THR: 900 M, DIST FM RCL: 55 M, HGT: 24 FT CREATED: 27 Aug 2024 06:48:00 SOURCE: OIIIYNYX",,,27 Aug 2024 06:48:00,
OIFK,B0060/22,OIIX/QOBCE/IV/M/AE/000/999/,2201181650,2204191030 EST,,"E)OBSTACLE AT LEFT SIDE OF RWY 29 WITH FLW SPECIFICATIONS: DIST FM THR: 900 M, DIST FM RCL: 55 M, HGT: 12 FT, LEN: 13 M, WID: 3 M. CREATED: 27 Aug 2024 06:48:00 SOURCE: OIIIYNYX",,,27 Aug 2024 06:48:00,
OIHS,A5076/24,OIIX/QNVAS/IV/BO/AE/000/999/,2412240748,2503232359 EST,,VOR HAB FREQ 115.400 MHZ U/S AND SUBSEQUENTLY REQUIRED FLTCK. CREATED: 24 Dec 2024 07:47:00 SOURCE: OIIIYNYX,,,24 Dec 2024 07:47:00,
OIHS,B0984/24,OIIX/QNBAS/IV/BO/AE/000/999/,2412240758,2503232359 EST,,"NDB HAB FREQ 329 KHZ U/S, AND SUBSEQUENTLY REQUIRED FLTCK. CREATED: 24 Dec 2024 07:56:00 SOURCE: OIIIYNYX",,,24 Dec 2024 07:56:00,
OIHS,B0966/24,OIIX/QNNXX/E/000/999/,2412230845,2503232359 EST,,TACAN HAB CH 101X FLTCK EXPIRED. CREATED: 23 Dec 2024 08:44:00 SOURCE: OIIIYNYX,,,23 Dec 2024 08:44:00,
OIHS,B0958/24,OIIX/QNXXX/AE/000/999/,2412230839,2503232359 EST,,UDF FLTCK EXPIRED. CREATED: 23 Dec 2024 08:39:00 SOURCE: OIIIYNYX,,,23 Dec 2024 08:39:00,
OIIP,A5081/24,OIIX/QLPAS/IV/BO/A/000/999/,2412240800,2503232359 EST,,PAPI RWY 30 U/S AND SUBSEQUENTLY REQUIRED FLTCK. CREATED: 24 Dec 2024 07:59:00 SOURCE: OIIIYNYX,,,24 Dec 2024 07:59:00,
OIIP,A5077/24,OIIX/QNVAS/IV/BO/AE/000/999/,2412240749,2503232359 EST,,"VOR PIM FREQ 117.500 MHZ U/S, AND SUBSEQUENTLY REQUIRED FLTCK. CREATED: 24 Dec 2024 07:48:00 SOURCE: OIIIYNYX",,,24 Dec 2024 07:48:00,
OIIP,A5031/24,OIIX/QFAAH/IV/NBO/A/000/999/,2412220330,2501191330,,"REF AIP PAGE AD 2-1 OIIP ITEM 2-3 NR 7, ATS OPR HR CHG TO : 0330-1330 AND OUT OF THESE TIMES PPR. CREATED: 21 Dec 2024 10:47:00 SOURCE: OIIIYNYX",,,21 Dec 2024 10:47:00,
OIIS,B0985/24,OIIX/QNDAS/IV/BO/AE/000/999/,2412240759,2503232359 EST,,DME SMN FREQ 117.250MHZ CH 119Y U/S AND SUBSEQUENTLY REQUIRED FLTCK. CREATED: 24 Dec 2024 07:57:00 SOURCE: OIIIYNYX,,,24 Dec 2024 07:57:00,
OIKM,A4680/24,OIIX/QMNLC/IV/NBO/A/000/999/,2411271254,2501192030 EST,,APN CLSD DUE TO CONST WORK. CREATED: 27 Nov 2024 12:55:00 SOURCE: OIIIYNYX,,,27 Nov 2024 12:55:00,
OIMC,A5093/24,OIIX/QNDAS/IV/BO/AE/000/999/,2412240903,2503232359 EST,,"REF AIP PAGE AD 2-4 OIMC ITEM 2.19 RADIO NAVIGATION AND LANDING AIDS, DME SRS CH 108X FREQUENCY 116.100 MHZ U/S AND SUBSEQUENTLY REQUIRED FLTCK. CREATED: 24 Dec 2024 09:04:00 SOURCE: OIIIYNYX",,,24 Dec 2024 09:04:00,
OIKM,A4678/24,OIIX/QMXLC/IV/M/A/000/999/,2411271253,2501192030 EST,,ALL TWY CLSD DUE TO CONST WORK. CREATED: 27 Nov 2024 12:53:00 SOURCE: OIIIYNYX,,,27 Nov 2024 12:53:00,
OIKM,A4677/24,OIIX/QMRLC/IV/NBO/A/000/999/,2411271249,2501192030 EST,,RWY12/30 CLSD DUE TO CONST WORK. CREATED: 27 Nov 2024 12:50:00 SOURCE: OIIIYNYX,,,27 Nov 2024 12:50:00,
OIKP,B0808/24,OIIX/QMRLC/IV/NBO/A/000/999/,2410261029,2501192030,,RWY 08/26 CLSD DUE TO CONST WORK. CREATED: 26 Oct 2024 10:32:00 SOURCE: OIIIYNYX,,,26 Oct 2024 10:32:00,
OIKY,A4251/24,OIIX/QLPAS/IV/BO/A/000/999/,2410271115,2501251130 EST,,REF AIP PAGE AD2-4 OIKY ITEM AD2.14 PAPI RWY 31 NOT OPR. CREATED: 27 Oct 2024 11:18:00 SOURCE: OIIIYNYX,,,27 Oct 2024 11:18:00,
OIKY,A4250/24,OIIX/QMRHW/IV/NBO/A/000/999/,2410271112,2501251130 EST,,"CONST WORK EXIST ALONG RWY 13 AND BOTH SIDES WITH FLW SPECIFICATIONS: DIST FM RCL: 30 M UP TO 150 M ON BOTH SIDES, MACHINARY OPR WITH MAX HGT: 20 FT. CREATED: 27 Oct 2024 11:15:00 SOURCE: OIIIYNYX",,,27 Oct 2024 11:15:00,
OIKY,A4249/24,OIIX/QLPAS/IV/BO/A/000/999/,2410271110,2501251130 EST,,REF AIP PAGE AD 2-4 OIKY ITEM AD 2.14 PAPI RWY 13 NOT OPR. CREATED: 27 Oct 2024 11:12:00 SOURCE: OIIIYNYX,,,27 Oct 2024 11:12:00,
OIKY,A4248/24,OIIX/QMRCC/A/000/999/,2410271106,PERM,,REF AIP PAGE AD 2-4 OIKY ITEM 2.12 AND 2.13 PHYSICAL CHARACTERISTICS BASED ON WGS 84 FOR RWY 13/31 WITH FLW INFO ARE APPLICABLE: RWY DIMENSIONS: RWY LEN 13/31 (THR TO TH,,,27 Oct 2024 11:10:00,
OIKY,A4185/24,OIIX/QMRLT/IV/NBO/A/000/999/,2410202019,2501182030 EST,,COND TO USE RWY 13/31 ARE AS FLW: RWY 13/31: INSTR - DAY OPERATION ONLY MNM TKOF AND LDG VIS FOR RWY 13/31: 5000 M ACCORDING METAR. MXM CROSSWIND COMPONENT OF 15 KT STOP OPERATION ON RWY 13/31: RCC (RWY COND COD,,,20 Oct 2024 20:21:00,
OIKY,A4184/24,OIIX/QPILT/I/NBO/A/000/999/,2410202001,2501182030 EST,,"REF AIP PAGE AD 2 OIKY IAC 2-1 AND IAC 3-1, THE OCA/H STRAIGHT SECTION FOR FLW INSTRUMENT APPROACH PROCEDURES SUSPENDED, ONLY OCA/H FOR CIRCLING AVBL: - INSTRUMENT APPROACH PROCEDURE SIRJAN VOR/DME RWY 13 CAT A/B/C/D, - INSTRUMENT APPROACH PROCEDURE SIRJAN VOR RWY 13 CAT A/B/C/D. CREATED: 20 Oct 2024 20:04:00 SOURCE: OIIIYNYX",,,20 Oct 2024 20:04:00,
OIMB,A4384/24,OIIX/QFFCH/IV/NBO/A/000/999/,2411040824,PERM,,"REF AIP PAGE AD 2-2 OIMB ITEM 2-6, AD CAT FOR RESCUE AND FIRE FIGHTING SERVICES IS CAT 3. ALSO UP TO CAT 8 IS AVAILABLE DURING SCHEDULED AND NON-SCHEDULE FLIGHT OPERATIONS WITH PPR AT LEAST 72 HR BEFORE EOBT FROM BIRJAND AD. AMEND AIP ACCORDINGLY. ) DUPE CREATED: 04 Nov 2024 08:31:00 SOURCE: OIIIYNYX",,,04 Nov 2024 08:31:00,
OIMB,A3990/24,OIIX/QMHCS/IV/NBO/A/000/999/,2410081201,2501062030 EST,,MIL ARRESTING SYSTEM (NET AND HOOK BARRIE,,,08 Oct 2024 12:03:00,
OIMM,A5025/24,OIIX/QMNHW/IV/BO/A/000/999/,2412210943,2412311230,,"CONST WORK EXIST ON APRON BTN TWY A AND TWY B ,MACHINARY OPR WITH MAX HGT 18 FT CREATED: 21 Dec 2024 09:43:00 SOURCE: OIIIYNYX",,,21 Dec 2024 09:43:00,
OIMM,A5023/24,OIIX/QMWHW/IV/M/A/000/999/,2412210940,2412281230,,"A CANAL EXCAVATION ALONG AND RIGHT SIDE OF RWY 13R : - DIST FM THR RWY 13R: 1M - DIST FM RCL: 24 M - LEN:30 M, WID: 1.2 M, DPT:1.5 M MACHINERY OPR WITH MAX HGT 15 FT . CREATED: 21 Dec 2024 09:39:00 SOURCE: OIIIYNYX",,,21 Dec 2024 09:39:00,
OIBP,A5080/24,OIIX/QNBAS/IV/BO/AE/000/999/,2412240752,2503232359 EST,,NDB PRG 457 KHZ U/S AND SUBSEQUENTLY REQUIRED FLTCK. CREATED: 24 Dec 2024 07:56:00 SOURCE: OIIIYNYX,,,24 Dec 2024 07:56:00,
OIYR,B0946/24,OIIX/QSFAU/IV/B/A/000/999/,2412160757,2503162030 EST,,"AFIS NOT AVBL IN THE OIYR ATZ,PILOTS IN COMMAND AND/OR ACFT OPS ARE SOLELY RESPONSIBLE FOR SAFETY ASSESSMENT FOR ANY PLANNED OPS IN THE OIYR ATZ. CREATED: 16 Dec 2024 07:57:00 SOURCE: OIIIYNYX",,,16 Dec 2024 07:57:00,
OIMM,A4976/24,OIIX/QGAAU/I/NBO/A/000/245/,2412160728,2503162030 EST,,"GPS UNRELIABLE AND MAY BE UNAVAILABLE WITHIN AREA WITH THE LATERAL LIMITS OF MASHHAD TMA AS SPECIFED IN IRAN AIP, FM GND UP TO FL245, EGPWS/GPWS MAY DISPLAY ERRONEOUS INDICATION AND MAP SHIFTING, AS REPORTED FREQUENTLY, PILOTS SHALL REPORT GPS ANOMALIES INCLUDING DEGRADED OPERATION AND/OR LOSS OF SERVICE, SAP.",GND,FL245,16 Dec 2024 07:30:00,
OIAW,A4696/24,OIIX/QOBCE/IV/M/AE/000/999/,2411301030,2503010800 EST,,A LGTD MAST ERECTED AT SOUTH OF RWY 12/30 WITH FLW SPECIFICATIONS: PSN : 311946N 0484607E HGT : 166 FT AGL CREATED: 30 Nov 2024 05:46:00 SOURCE: OIIIYNYX,,,30 Nov 2024 05:46:00,
OITT,B0954/24,OIIX/QNXXX/AE/000/999/,2412230834,2503232359 EST,,UDF FLTCK EXPIRED CREATED: 23 Dec 2024 08:36:00 SOURCE: OIIIYNYX,,,23 Dec 2024 08:36:00,
OIBK,A5085/24,OIIX/QLPAS/IV/BO/A/000/999/,2412240805,2503232359 EST,,"PAPI RWY 09L U/S, AND SUBSEQUENTLY REQUIRED FLTCK. CREATED: 24 Dec 2024 08:04:00 SOURCE: OIIIYNYX",,,24 Dec 2024 08:04:00,
OIBK,A5066/24,OIIX/QMRXX/A/000/999/,2412231820,2503232030 EST,,"REF AIP PAGE AD 2-7 OIBK ITEM 2.20 LOCAL TFC REGULATIONS NR 2, THE DIST BTN CENTERLINES OF RWY 09L/27R AND TWY A: 123 M. CREATED: 23 Dec 2024 18:24:00 SOURCE: OIIIYNYX",,,23 Dec 2024 18:24:00,
OIBK,A5065/24,OIIX/QMRLT/IV/NBO/A/000/999/,2412231809,2503232030 EST,,"REF AIP PAGE AD 2-7 OIBK ITEM 2.20 LOCAL TFC REGULATIONS NR 2, - DRG TKOF AND LDG ON RWY 09L/27R, TWY A SHALL BE CLEAR OF CAT E ACFT. - WHEN CAT E ACFT IS OPERATING ON RWY 09L/27R, TWY A SHALL BE CLEAR OF ANY ACFT. CREATED: 23 Dec 2024 18:13:00 SOURCE: OIIIYNYX",,,23 Dec 2024 18:13:00,
OIBK,A5053/24,OIIX/QNBAS/IV/BO/AE/000/999/,2412221504,2501221000 EST,,NDB KIH FREQ 201 KHZ NOT OPR . CREATED: 22 Dec 2024 15:03:00 SOURCE: OIIIYNYX,,,22 Dec 2024 15:03:00,
OIBK,A4487/24,OIIX/QOBCE/IV/M/AE/000/999/,2411121130,2502110730 EST,,A LIGHTED GAS MAST ERECTED AT WEST OF AD ON FINAL RWY 09R WITH FLW SPECIFICATIONS: PSN: 263150N 0535609E HGT: 187 FT/57 M AGL DIST FM THR RWY 09L: 2600 M. CREATED: 12 Nov 2024 11:32:00 SOURCE: OIIIYNYX,,,12 Nov 2024 11:32:00,
OIBK,A4475/24,OIIX/QCAAS/IV/B/AE/000/999/,2411120731,2502110730 EST,,"REF AIP PAGE AD 2-7 OIBK ITEM 2-18, TWR FREQ 119.600 MHZ U/S AND NEW FREQ 122.325 MHZ AVBL . CREATED: 12 Nov 2024 07:33:00 SOURCE: OIIIYNYX",,,12 Nov 2024 07:33:00,
OIBK,B0961/24,OIIX/QNNXX/E/000/999/,2412230843,2503232359 EST,,TACAN KIH CH 112X FLTCK EXPIRED CREATED: 23 Dec 2024 08:41:00 SOURCE: OIIIYNYX,,,23 Dec 2024 08:41:00,
OIKB,A4758/24,OIIX/QLFAS/I/BO/A/000/999/,2412020436,2501011100 EST,,SFLS (SEQUENCED FLASHING LIGHTS SYSTE,,,02 Dec 2024 04:41:00,
OIKB,A4757/24,OIIX/QLAAS/IV/NBO/A/000/999/,2412020433,2501011100 EST,,RWY 21L PALS NOT OPR DUE TO PWR. CREATED: 02 Dec 2024 04:34:00 SOURCE: OIIIYNYX,,,02 Dec 2024 04:34:00,
OIKB,B0975/24,OIIX/QNNXX/E/000/999/,2412230849,2503232359 EST,,TACAN BND CH 78X FLTCK EXPIRED. CREATED: 23 Dec 2024 08:48:00 SOURCE: OIIIYNYX,,,23 Dec 2024 08:48:00,
OIKB,B0956/24,OIIX/QNXXX/AE/000/999/,2412230837,2503232359 EST,,UDF FLTCK EXPIRED. CREATED: 23 Dec 2024 08:38:00 SOURCE: OIIIYNYX,,,23 Dec 2024 08:38:00,
OIYY,A5050/24,OIIX/QNBAS/IV/BO/AE/000/999/,2412221048,2412311100 EST,,NDB YZD FREQ 402 KHZ NOT OPR DUE TO MANT. CREATED: 22 Dec 2024 10:47:00 SOURCE: OIIIYNYX,,,22 Dec 2024 10:47:00,
OIYY,A4497/24,OIIX/QFALT/IV/NBO/A/000/999/,2411130902,2501102359 EST,,"THE FOLLOWING LIMITATIONS ARE APPLICABLE AT YAZD AERODROME: - THE MINIMUM VISIBILITY FOR OIYY IAC 1-1 (ILS OR LOC RWY 31) IS 1000 M BASED ON MET OFFICE REPORT, - THE MINIMUM TAKE OFF VISIBILITY FOR RWY 13 IS 1000 M BASED ON MET OFFICE REPORT, ALSO AIP SUP 5/24 OIYY HEREBY CANCELLED. CREATED: 13 Nov 2024 09:03:00 SOURCE: OIIIYNYX",,,13 Nov 2024 09:03:00,
OIYY,A3460/24,OIIX/QOBCH/IV/M/AE/000/999/,2409281045,PERM,,"REF AIP PAGE AD 2-3 OIYY ITEM 2.10, THE OBST IN APCH 31 / TKOF 13 AREAS AFFECTED CHANGED WITH FLW SPECIFICATIONS: OBST TYPE: BTS ANTENNA ELEV: 4179 FT AMSL MARKINGS/LGT: NIL COORD: 315246N 0541819E AMEND AIP ACCORDINGLY. CREATED: 28 Sep 2024 10:49:00 SOURCE: OIIIYNYX",,,28 Sep 2024 10:49:00,
OIYY,A3045/24,OIIX/QOBAW/IV/M/AE/000/999/,2409031102,PERM,,"REF AIP PAGE AD 2-3 OIYY ITEM 2.10, THE FLW OBST IN APCH / TKOF AREAS AFFECTED COMPLETELY WITHDRAWN: OBST TYPE RWY/AREA ELEV MARKINGS/LGT COORD -------------------------------------------------------------------- BTS ANTENNA 31 / APCH 4184 FT AMSL NIL 315257N 13 / TKOF 0541836E AMEND AIP ACCORDINGLY. CREATED: 03 Sep 2024 11:07:00 SOURCE: OIIIYNYX",,,03 Sep 2024 11:07:00,
OIYY,B0971/24,OIIX/QNNXX/E/000/999/,2412230848,2503232359 EST,,TACAN YZD CH 75X FLTCK EXPIRED CREATED: 23 Dec 2024 08:46:00 SOURCE: OIIIYNYX,,,23 Dec 2024 08:46:00,
OIAW,A5109/24,OIIX/QFTAS/I/B/A/000/999/,2412251742,2412280530 EST,,"REF AIP PAGE GEN 3.5-2, RVR RWY 30 TDZ U/S. CREATED: 25 Dec 2024 17:42:00 SOURCE: OIIIYNYX",,,25 Dec 2024 17:42:00,
OIAW,A5020/24,OIIX/QNBAS/IV/BO/AE/000/999/,2412210531,2412280520 EST,,NDB AWZ 415 KHZ NOT OPR DUE TO PWR. CREATED: 21 Dec 2024 05:32:00 SOURCE: OIIIYNYX,,,21 Dec 2024 05:32:00,
OIAW,A4703/24,OIIX/QLAAS/IV/NBO/A/000/999/,2411300556,2502280800 EST,,RWY 12 SALS NOT OPR DUE TO PWR. CREATED: 30 Nov 2024 05:59:00 SOURCE: OIIIYNYX,,,30 Nov 2024 05:59:00,
OIAW,A4702/24,OIIX/QFMAU/IV/BO/A/000/999/,2411300555,2502280800 EST,,"REF AIP PAGE GEN 3.5-2, CEILOMETER TDZ RWY 30 U/S DUE TO PWR. CREATED: 30 Nov 2024 05:57:00 SOURCE: OIIIYNYX",,,30 Nov 2024 05:57:00,
OIAW,A4701/24,OIIX/QOBCE/IV/M/AE/000/999/,2411300554,2502280800 EST,,A LIGHTED MAST ERECTED AT NORTH OF RWY 12/30 WITH FLW SPECIFICATIONS: PSN : 311942N 0484857E HGT : 182 FT AGL. CREATED: 30 Nov 2024 05:56:00 SOURCE: OIIIYNYX,,,30 Nov 2024 05:56:00,
OIAW,A4700/24,OIIX/QOBCE/IV/M/AE/000/999/,2411300554,2502280800 EST,,A LIGHTED MAST ERECTED AT NORTH OF RWY 12/30 WITH FLW SPECIFICATIONS: PSN: 312133N 0484503E HGT: 182 FT AGL. CREATED: 30 Nov 2024 05:55:00 SOURCE: OIIIYNYX,,,30 Nov 2024 05:55:00,
OIAW,A4699/24,OIIX/QMKLC/IV/BO/A/000/999/,2411300553,2502280800 EST,,ISOLATED PARKING AREA CLSD DUE TO PARKED ACFT CREATED: 30 Nov 2024 05:55:00 SOURCE: OIIIYNYX,,,30 Nov 2024 05:55:00,
OIAW,A4698/24,OIIX/QMRHW/IV/NBO/A/000/999/,2411300550,2502280800 EST,,WIP EXISTS RIGHT SIDE OF RWY 12 FROM THR UP TO 2000 M DIST FROM RWY CL : 40M MACHINERY OPR WITH MAX HGT 15 FT AND WILL VACATE DRG FLT OPR CREATED: 30 Nov 2024 05:52:00 SOURCE: OIIIYNYX,,,30 Nov 2024 05:52:00,
OITT,B0977/24,OIIX/QNNXX/E/000/999/,2412230851,2503232359 EST,,TACAN TBZ CH 57X FLTCK EXPIRED. CREATED: 23 Dec 2024 08:50:00 SOURCE: OIIIYNYX,,,23 Dec 2024 08:50:00,
OITT,A4920/24,OIIX/QMXLC/IV/M/A/000/999/,2412101013,2412311330 EST,,TWY M CLSD DUE TO ESTABLISHMENT OF MOBILE CONTROL TWR. CREATED: 10 Dec 2024 10:17:00 SOURCE: OIIIYNYX,,,10 Dec 2024 10:17:00,
OITT,A4922/24,OIIX/QMKLC/IV/BO/A/000/999/,2412101106,2412311313 EST,,ISOL ACFT PSN OCCUPIED BY DISABLED ACFT AND TWY M CONSIDERED AS ISOL AREA. CREATED: 10 Dec 2024 11:10:00 SOURCE: OIIIYNYX,,,10 Dec 2024 11:10:00,
OISS,A2133/24,OIIX/QOBAW/IV/M/AE/000/999/,2406150535,PERM,,"REF AIP PAGE AD 2-4 OISS ITEM 2.10, THE FOLLOWING OBST IN CIRCLING AREA AND AT AD HAS BEEN COMPLETELY WITHDRAWN: OBST TYPE: MAST ELEV: 5455 FT AMSL MARKING/LGT: NIL COORD: 292647N 0523853E AMEND AIP ACCORDINGLY. CREATED: 15 Jun 2024 05:36:00 SOURCE: OIIIYNYX",,,15 Jun 2024 05:36:00,
OIMM,A4874/24,OIIX/QMWHW/IV/M/A/000/999/,2412080637,2501061400,0330-1400,WIP ON RIGHT SIDE OF RWY 13R DIST FM THR RWY 13R : 23 M DIST FM RCL : 75 M MACHINERY OPR WITH MAX HGT :13 FT. CREATED: 08 Dec 2024 06:36:00 SOURCE: OIIIYNYX,,,08 Dec 2024 06:36:00,
OIMM,A4536/24,OIIX/QWMLW/IV/BO/W/000/140/,2411160830,2501041830,NOV 16 TO DEC 14 /0230 - 1830 DEC 21 TO JAN 04 /0230 - 1830,"REF AIP PAGE ENR 5.1.4-8, GUN FIRING WILL TAKE PLACE WI PARTS OF OIC74 WITH THE FLW COORD: 360700N 0604400E 355400N 0604300E 355900N 0602800E 360600N 0602900E TO THE POINT OF ORIGIN.",GND,14000,16 Nov 2024 08:30:00,
OIMM,A4534/24,OIIX/QWMLW/IV/BO/W/000/045/,2411160806,2501040630,NOV 17 TO 20 / 0330-0630 DEC 05 TO JAN 04 / 0330-0630,"REF AIP PAGE ENR 5.1.3-4, GUN FIRING WILL TAKE PLACE WI PARTS OF OID35 WITH THE FLW COORD: 360048N 0595120E 360358N 0595730E 360055N 0600110E 355747N 0595348E TO THE POINT OF ORIGIN.",GND,4500,16 Nov 2024 08:10:00,
OIMM,B0969/24,OIIX/QNNXX/E/000/999/,2412230847,2503232359 EST,,TACAN MSD CH 56X FLTCK EXPIRED. CREATED: 23 Dec 2024 08:45:00 SOURCE: OIIIYNYX,,,23 Dec 2024 08:45:00,
OIMM,B0967/24,OIIX/QNXXX/AE/000/999/,2412230844,2503232359 EST,,UDF FLTCK EXPIRED. CREATED: 23 Dec 2024 08:45:00 SOURCE: OIIIYNYX,,,23 Dec 2024 08:45:00,
OISS,A5051/24,OIIX/QMXLC/IV/M/A/000/999/,2412221055,2501201000 EST,,TWY A2 AND TWY B2 CLSD DUE TO WIP. CREATED: 22 Dec 2024 10:55:00 SOURCE: OIIIYNYX,,,22 Dec 2024 10:55:00,
OISS,A4985/24,OIIX/QMXLC/IV/M/A/000/999/,2412170548,2503161200 EST,,TWY F CLSD DUE TO PARKED ACFT. CREATED: 17 Dec 2024 05:47:00 SOURCE: OIIIYNYX,,,17 Dec 2024 05:47:00,
OISS,A4761/24,OIIX/QMPLC/IV/BO/A/000/999/,2412020606,2501021200 EST,,"STANDS NR 101 ,102,103 AND 104 CLSD DUE TO CONST WORK. CREATED: 02 Dec 2024 06:09:00 SOURCE: OIIIYNYX",,,02 Dec 2024 06:09:00,
OISS,A4663/24,OIIX/QMRLC/IV/NBO/A/000/999/,2411261119,2502241200 EST,,RWY 11L/29R CLSD EXC FOR MIL FIGHTER ACFT OPERATION. CREATED: 26 Nov 2024 11:20:00 SOURCE: OIIIYNYX,,,26 Nov 2024 11:20:00,
OISS,A4524/24,OIIX/QGAAU/I/NBO/A/000/245/,2411160656,2502142030 EST,,"GPS UNRELIABLE AND MAY BE UNAVAILABLE WITHIN AREA WITH THE LATERAL LIMITS OF SHIRAZ TMA AS SPECIFED IN IRAN AIP PAGE ENR 2.1-7, FM GND UP TO FL245, EGPWS/GPWS MAY DISPLAY ERRONEOUS INDICATION AND MAP SHIFTING, AS REPORTED FREQUENTLY PILOTS SHALL REPORT GPS ANOMALIES INCLUDING DEGRADED OPERATION AND/OR LOSS OF SERVICE, AS SOON AS POSSIBLE.",GND,FL245,16 Nov 2024 06:59:00,
OISS,A3890/24,OIIX/QNDAS/IV/BO/AE/000/999/,2410061005,2501040900 EST,,DME SYZ CH125X REMOTE MONITOR IN APP U/S. PILOTS SHALL REPORT DME OUTAGE TO OISS ATC AND REQUEST ALTERNATIVE CLEARANE IF REQUIRED. CREATED: 06 Oct 2024 10:06:00 SOURCE: OIIIYNYX,,,06 Oct 2024 10:06:00,
OISS,A1522/24,OIIX/QOBCH/IV/M/AE/000/999/,2404270635,PERM,,"REF AIP PAGE AD 2-4 OISS ITEM 2.10, ONE OBSTACLE IN CIRCLING AREA AND AT AD CHANGED WITH FLW SPECIFICATIONS: OBST TYPE: TOWER BUILDING ELEVATION: 5032 FT AMSL MARKG/LGT: LGTD COORDINATES: 293237N 0523553E AMEND AIP ACCORDINGLY. ----------------------------------------------------------------- CREATED: 27 Apr 2024 06:36:00 SOURCE: OIIIYNYX",,,27 Apr 2024 06:36:00,
OIFM,B0955/24,OIIX/QNNXX/E/000/999/,2412230836,2503232359 EST,,TACAN IFN CH 118X FLTCK EXPIRED. CREATED: 23 Dec 2024 08:37:00 SOURCE: OIIIYNYX,,,23 Dec 2024 08:37:00,
OISS,A1521/24,OIIX/QOBCE/IV/M/AE/000/999/,2404270632,PERM,,NEW OBSTACLES EXIST IN CIRCLING AREA AND AT AD WITH FLW SPECIFICATIONS: NR OBST TYPE ELEVATION MARKINGS/LGT COORDINATES ------------------------------------------------------------------ 1- MAST 5078 FT AMSL NIL 293337N 0523326E 2- MAST 5052 FT AMSL NIL 293318N 0523430E 3- MAST 5036 FT AMSL NIL 293310N 0523458E 4- WDI 4894 FT AMSL NIL 293159N 0523625E 5- DVOR / DME 4901 FT AMSL NIL 293225N 0523520E AMEND AIP PAGE AD 2-4 OISS ITEM 2.10. CREATED: 27 Apr 2024 06:34:00 SOURCE: OIIIYNYX,,,27 Apr 2024 06:34:00,
OISS,A1520/24,OIIX/QOBAW/IV/M/AE/000/999/,2404270630,PERM,,"REF AIP PAGE AD 2-4 OISS ITEM 2.10, THE FOLLOWING OBSTACLES IN CIRCLING AREA AND AT AD COMPLETELY WITHDRAWN: NR OBST TYPE ELEVATION MARKG/LGT COORDINATES -------------------------------------------------------------- 1- NDB ANTENNA 4970 FT AMSL LGTD 293144.3N 0523557.9E 2- COM MAST 5023 FT AMSL LGTD 293159N 0523445E 3- 10 FLOOD 4977 FT AMSL NIL MEAN PSN: 293244N LIGHTS 0523523E AMEND AIP ACCORDINGLY. CREATED: 27 Apr 2024 06:31:00 SOURCE: OIIIYNYX",,,27 Apr 2024 06:31:00,
OISS,A1519/24,OIIX/QOBCH/IV/M/AE/000/999/,2404270627,PERM,,"REF AIP PAGE AD 2-4 OISS ITEM 2.10, THE FOLLOWING OBSTACLE IN APPROACH 11R / TKOF 29L AREAS AFFECTED HAS BEEN CHANGED: OBST TYPE: ILS GP 29L ANTENNA ELEVATION: 4907 FT AMSL MARKG/LGT: LGTD COORDINATES: 293145.5N 0523619.6E AMEND AIP ACCORDINGLY. CREATED: 27 Apr 2024 06:28:00 SOURCE: OIIIYNYX",,,27 Apr 2024 06:28:00,
OISS,A1518/24,OIIX/QOBCE/IV/M/AE/000/999/,2404270624,PERM,,"REF AIP PAGE AD 2-4 OISS ITEM 2.10, NEW OBSTACLES EXIST IN APCH 11R / TKOF 29L AREAS AFFECTED WITH FLW SPECIFICATIONS: OBST TYPE ELEVATION MARK/LGT COORDINATES ----------------------------------------------------------------- 1- CEILOMETER 4901 FT AMSL NIL 293153N 0523625E ANTENNA 2- METEOROLOGICAL 4927 FT AMSL LGTD 293242N 0523421E ANTENNA AMEND AIP ACCORDINGLY. CREATED: 27 Apr 2024 06:26:00 SOURCE: OIIIYNYX",,,27 Apr 2024 06:26:00,
OISS,A1517/24,OIIX/QOBAW/IV/M/AE/000/999/,2404270621,PERM,,"REF AIP PAGE AD 2-4 OISS ITEM 2.10, THE FOLLOWING OBSTACLE IN APCH 11R / TKOF 29L AREAS AFFECTED COMPLETELY WITHDRAWN: OBST TYPE: LOC 29L ANTENNA ELEVATION: 4946 FT AMSL MARK/LGT: LGTD COORDINATES: 293248.6N 0523354.0E AMEND AIP ACCORDINGLY. ---------------------------------------------------------------- CREATED: 27 Apr 2024 06:23:00 SOURCE: OIIIYNYX",,,27 Apr 2024 06:23:00,
OISS,B0979/24,OIIX/QNNXX/E/000/999/,2412230853,2503232359 EST,,TACAN SYZ CH 94X FLTCK EXPIRED. CREATED: 23 Dec 2024 08:52:00 SOURCE: OIIIYNYX,,,23 Dec 2024 08:52:00,
OISS,B0962/24,OIIX/QNXXX/AE/000/999/,2412230841,2503232359 EST,,UDF FLTCK EXPIRED CREATED: 23 Dec 2024 08:42:00 SOURCE: OIIIYNYX,,,23 Dec 2024 08:42:00,
OIFM,A5030/24,OIIX/QWMLW/IV/BO/W/000/130/,2412250930,2501161430,"DEC 25 AND JAN 01 , 08 / 0930-1430 DEC 26 AND JAN 02 , 09 , 16 / 0430-1430",GUN FIRING WILL TAKE PLACE WI AREA: 321953.3N 0513837.8E 321931.2N 0513809.5E 321655.1N 0514116.4E 321623.8N 0514045.4E TO THE POINT OF ORIGIN.,GND,13000,21 Dec 2024 10:24:00,
OIFM,A4960/24,OIIX/QRMCA/IV/BO/W/000/150/,2412121853,2503131311 EST,,"NEW TEMPORARY CAUTION AREA ESTABLISH WITH FLW SPECIFICATIONS: IDENTIFICATION: OIC200, NAME: ESFAHAN, COORDINATES: 330930N 0504004E 332158N 0505002E 332259N 0505656E 331406N 0505659E 330300N 0511052E TO THE POINT OF ORIGIN, LOWER LIMIT: GND, UPPER LIMIT: FL150 , TIME OF ACTIVITY: NOTIFIED BY OIFM ATC , MANNED OR UNMANNED AIRCRAFT (FLIGHT TEST ARE",GND,FL150,12 Dec 2024 18:55:00,
OIFM,A3535/24,OIIX/QCAAS/IV/B/AE/000/999/,2410010633,2412300624 EST,,MILITARY /EMERGENCY UHF FREQ 243.000 MHZ U/S. CREATED: 01 Oct 2024 06:36:00 SOURCE: OIIIYNYX,,,01 Oct 2024 06:36:00,
OIFM,B0965/24,OIIX/QNXXX/AE/000/999/,2412230843,2503232359 EST,,UDF FLTCK EXPIRED. CREATED: 23 Dec 2024 08:43:00 SOURCE: OIIIYNYX,,,23 Dec 2024 08:43:00,
OIAW,A4697/24,OIIX/QOBCE/IV/M/AE/000/999/,2411300549,2502280800 EST,,A LGTD MAST ERECTED AT NORTH OF RWY 12/30 WITH FLW SPECIFICATIONS: COOR : 312054N 0484626E HGT: 182 FT AGL CREATED: 30 Nov 2024 05:51:00 SOURCE: OIIIYNYX,,,30 Nov 2024 05:51:00,
OIAW,A4078/24,OIIX/QMRLT/IV/NBO/A/000/999/,2410131220,2501112030 EST,,MNM TKOF VIS FOR RWY 30: 3000 M ACCORDING METAR. CREATED: 13 Oct 2024 12:21:00 SOURCE: OIIIYNYX,,,13 Oct 2024 12:21:00,
OIAW,A4077/24,OIIX/QPILT/I/NBO/A/000/999/,2410131214,2501112030 EST,,"REF AIP PAGE AD 2 OIAW IAC 2-4, IAC 2-5 AND IAC 2-6, THE OCA/H STRAIGHT SECTION FOR FLW INSTRUMENT APPROACH PROCEDURES SUSPENDED, ONLY OCA/H FOR CIRCLING AVBL: - INSTRUMENT APPROACH PROCEDURE AHWAZ VOR Z RWY 12 CAT A/B/C/D, - INSTRUMENT APPROACH PROCEDURE AHWAZ VOR Y RWY 12 CAT A/B/C/D, - INSTRUMENT APPROACH PROCEDURE AHWAZ VOR X RWY 12 CAT A/B/C/D. CREATED: 13 Oct 2024 12:16:00 SOURCE: OIIIYNYX",,,13 Oct 2024 12:16:00,
OIKK,A4426/24,OIIX/QMRHW/IV/NBO/A/000/999/,2411090518,2502071100 EST,,"STRIP GRADING EXIST ON LEFT SIDE OF RWY 34R, WITH FLW SPECIFICATIONS: DIST FM THR RWY 34R: 500 M UP TO 4200 M, DIST FM RCL 34R: 60 M UP TO 170 M, DPT: 1.5 M, MACHINERY OPR WITH HGT OF 20 FT AND WILL VACATE DRG SKED FLT CREATED: 09 Nov 2024 05:20:00 SOURCE: OIIIYNYX",,,09 Nov 2024 05:20:00,
OIKK,A4425/24,OIIX/QMRXX/A/000/999/,2411090516,2502071100 EST,,BUMPY SFC ON RWY 16L/34R FM THR RWY 34R UP TO 800M. CREATED: 09 Nov 2024 05:18:00 SOURCE: OIIIYNYX,,,09 Nov 2024 05:18:00,
OIKK,A4145/24,OIIX/QCAXX/AE/000/999/,2410190544,2501151100 EST,,"REF AIP PAGE AD 2-7 OIKK ITEM 2.18, TOWER FREQ 257.800 MHZ ONLY AVBL ON BACK UP FREQ SYSTEM. CREATED: 19 Oct 2024 05:44:00 SOURCE: OIIIYNYX",,,19 Oct 2024 05:44:00,
OIKK,A4144/24,OIIX/QCAXX/AE/000/999/,2410190543,2501151100 EST,,"REF AIP PAGE AD 2-7 OIKK ITEM 2.18, TWR FREQ 243.000 MHZ ONLY AVBL ON BACK UP FREQ SYSTEM. CREATED: 19 Oct 2024 05:43:00 SOURCE: OIIIYNYX",,,19 Oct 2024 05:43:00,
OIKK,B0968/24,OIIX/QNNXX/E/000/999/,2412230846,2503232359 EST,,TACAN KER CH 97X FLTCK EXPIRED. CREATED: 23 Dec 2024 08:45:00 SOURCE: OIIIYNYX,,,23 Dec 2024 08:45:00,
OIZH,A4649/24,OIIX/QLPAS/IV/BO/A/000/999/,2411241225,2412310800 EST,,PAPI RWY 35L NOT OPR. CREATED: 24 Nov 2024 12:28:00 SOURCE: OIIIYNYX,,,24 Nov 2024 12:28:00,
OIZH,B0973/24,OIIX/QNNXX/E/000/999/,2412230849,2503232359 EST,,TACAN ZAH CH 76X FLTCK EXPIRED. CREATED: 23 Dec 2024 08:47:00 SOURCE: OIIIYNYX,,,23 Dec 2024 08:47:00,
OITL,A4811/24,OIIX/QFFCH/IV/NBO/A/000/999/,2412060500,PERM,,"REF AIP PAGE AD 2-2 OITL ITEM 2-6, AD CAT FOR RESCUE AND FIRE FIGHTING SER IS CAT 7, REMARKS: CAT 8: - AVBL DRG SKED FLT, - FOR NON-SKED FLT PPR FM ARDABIL AD AT LEAST 72 HR BFR EOBT, AMEND AIP ACCORDINGLY. CREATED: 04 Dec 2024 08:22:00 SOURCE: OIIIYNYX",,,04 Dec 2024 08:22:00,
OITL,A4668/24,OIIX/QLRXX/A/000/999/,2411261439,2502232359 EST,,"TWR REMOTE CONTROL LGT SYSTEM FOR RWY 07/25 U/S, AND LGT INTENSITY SETTING UNDER CONTROL MANUALLY BY TECHNICAL UNIT. CREATED: 26 Nov 2024 14:41:00 SOURCE: OIIIYNYX",,,26 Nov 2024 14:41:00,
OITL,A4667/24,OIIX/QFWAS/V/M/A/000/999/,2411261440,2502232359 EST,,SFC WIND DISPLAY IN TWR U/S. CREATED: 26 Nov 2024 14:40:00 SOURCE: OIIIYNYX,,,26 Nov 2024 14:40:00,
OITL,A4666/24,OIIX/QFTAS/I/B/A/000/999/,2411261437,2502232359 EST,,"REF AIP PAGE GEN 3.5-3, RVR RWY 33 TDZ AND MID U/S. CREATED: 26 Nov 2024 14:39:00 SOURCE: OIIIYNYX",,,26 Nov 2024 14:39:00,
OIBP,A5083/24,OIIX/QLPAS/IV/BO/A/000/999/,2412240802,2503232359 EST,,"REF AIP PAGE AD 2-6 OIBP ITEM 2.14 , RWY 13 PAPI RIGHT AND RWY 31 PAPI (RIGHT AND LEF",,,24 Dec 2024 08:02:00,
OIBP,A4810/24,OIIX/QLXAS/IV/M/A/000/999/,2412040730,2501041230 EST,,TWY E CENTER LGT U/S. CREATED: 04 Dec 2024 07:33:00 SOURCE: OIIIYNYX,,,04 Dec 2024 07:33:00,
OIKK,A4877/24,OIIX/QLPAS/IV/BO/A/000/999/,2412080748,2503080800 EST,,PAPI RWY 16R NOT OPR DUE TO PWR. CREATED: 08 Dec 2024 07:50:00 SOURCE: OIIIYNYX,,,08 Dec 2024 07:50:00,
OIKK,A4878/24,OIIX/QMRXX/A/000/999/,2412080750,2503080800 EST,,"9 CAVITIES EXIST AT RIGHT SIDE OF RWY 16R WITH FLW SPECIFICATIONS: NR 1: DIST FM RCL 40M ,DIAMETER: 1.5M , DPT: 2M (AT 30M B4 THR RWY 16",,,08 Dec 2024 07:52:00,
OIKK,A4879/24,OIIX/QMRXX/A/000/999/,2412080752,2503080800 EST,,"16 CAVITIES EXIST AT RIGHT SIDE OF RWY 34L WITH FLW SPECIFICATIONS: NR.:1, 2: DIST FM RCL: 40 M, DIAMETER: 2 M, DPT: 2 M, AT 120 M, 128 M BFR DTHR RWY 34L, NR.: 3, 4, 5, 6: DIST FM RCL: 40 M, DIAMETER: 2 M, DPT: 2 M, AT 150, 200, 300, 350M BFR DTHR RWY 34L, NR.: 7, 8, 9, 10, 11, 12, 13, 14, 15, 16: DIST FM RCL: 40 M, DIAMETER: 50 CM, DPT: 2 M, AT 120, 160, 180, 210, 230, 260, 280, 310, 330, 350M BFR DTHR RWY 34L. CREATED: 08 Dec 2024 07:54:00 SOURCE: OIIIYNYX",,,08 Dec 2024 07:54:00,
OIBB,B0970/24,OIIX/QNXXX/AE/000/999/,2412230845,2503232359 EST,,UDF FLTCK EXPIRED. CREATED: 23 Dec 2024 08:46:00 SOURCE: OIIIYNYX,,,23 Dec 2024 08:46:00,
OIAW,A1896/24,OIIX/QOBCE/IV/M/AE/000/999/,2405261225,PERM,,NEW OBSTACLES EXIST IN ?CIRCLING AREAS AND AT AD? WITH FLW SPECIFICATIONS: OBST TYPE ELEVATION MARK/LGT COORDINATES ------------------------------------------------------------------ - BUILDING 89 FT AMSL NIL 312025N 0484537E - POWER LINE 103 FT AMSL NIL 312025N 0484539E - BUILDING 93 FT AMSL NIL 312022N 0484543E - MET COM MAST 198 FT AMSL LGTD 312043N 0484436E - TREE 119 FT AMSL NIL 312044N 0484437E - TREE 113 FT AMSL NIL 312045N 0484437E - COM MAST 721 FT AMSL LGTD 311923N 0484315E - TV ANTENNA 556 FT AMSL LGTD 311931N 0484257E - FLOOD LIGHT 148 FT AMSL LGTD 312043N 0484432E - FLOOD LIGHT 145 FT AMSL LGTD 312048N 0484428E - MAST 470 FT AMSL LGTD 311931N 0484300E - RCAG ANTENNA 113 FT AMSL LGTD 312039N 0484442E - BUILDING 80 FT AMSL NIL 312042N 0484444E - CC TV1 95 FT AMSL NIL 312046N 0484500E - CC TV2 93 FT AMSL NIL 311956N 0484627E AMEND AIP PAGE AD 2-4 OIAW ITEM 2.10. CREATED: 26 May 2024 12:25:00 SOURCE: OIIIYNYX,,,26 May 2024 12:25:00,
OIAW,A1559/24,OIIX/QOBCH/IV/M/AE/000/999/,2404290825,PERM,,NINE OBSTACLES IN CIRCLING AREA AND AT AD CHANGED WITH FLW SPECIFICATIONS: NR OBST TYPE ELEVATION MARKG/LGT COORDINATES -------------------------------------------------------------- 1- MAST 451 FT AMSL LGTD 311848N 0484417E 2- MAST 721 FT AMSL LGTD 311923N 0484314E 3- MAST 549 FT AMSL LGTD 311931N 0484255E 4- MAST 505 FT AMSL LGTD 311932N 0484257E 5- MAST 407 FT AMSL LGTD 311948N 0484213E 6- ANTENNA 199 FT AMSL LGTD 312119N 0484421E 7- ANTENNA 228 FT AMSL LGTD 312132N 0484430E 8- ANTENNA 199 FT AMSL LGTD 312043N 0484436E 9- RCAG ANTENNA 132 FT AMSL LGTD 312040N 0484441E AMEND AIP PAGE AD 2-4 OIAW ITEM 2.10. CREATED: 29 Apr 2024 08:27:00 SOURCE: OIIIYNYX,,,29 Apr 2024 08:27:00,
OIAW,A1557/24,OIIX/QOBCE/IV/M/AE/000/999/,2404290809,PERM,,"REF AIP PAGE AD 2-4 OIAW ITEM 2.10, NEW OBSTACLES EXIST IN APCH 12 / TKOF 30 AREAS AFFECTED WITH FLW SPECIFICATIONS: OBST TYPE ELEVATION MARKG/LGT COORDINATES -------------------------------------------------------------- 1- BUILDING 110 FT AMSL NIL 312047N 0484439E 2- BUILDING 84 FT AMSL NIL 312046N 0484438E 3- BTS ANTENNA 184 FT AMSL LGTD 312111N 0484354E 4- BUILDING 166 FT AMSL NIL 312117N 0484405E 4- ANTENNA 180 FT AMSL LGTD 312112N 0484420E 5- ANTENNA 182 FT AMSL LGTD 312111N 0484354E 6- ANTENNA 178 FT AMSL LGTD 312112N 0484420E 7- BTS ANTENNA 192 FT AMSL LGTD 312127N 0484358E 8- BUILDING 163 FT AMSL NIL 312117N 0484406E 9- BUILDING 84 FT AMSL NIL 312046N 0484441E 10- ILS GP 106 FT AMSL LGTD 311946.5N 0484623.3E ANTENNA 11- BUILDING 91 FT AMSL NIL 312049N 484434E 12- RVR ANTENNA 95 FT AMSL LGTD 312042N 0484503E 13- RVR ANTENNA 89 FT AMSL LGTD 311953N 0484628E AMEND AIP ACCORDINGLY. CREATED: 29 Apr 2024 08:12:00 SOURCE: OIIIYNYX",,,29 Apr 2024 08:12:00,
OIAW,A1556/24,OIIX/QOBAW/IV/M/AE/000/999/,2404290759,PERM,,"REF AIP PAGE AD 2-4 OIAW ITEM 2.10, THE FOLLOWING OBSTACLES IN CIRCLING AREA AND AT AD COMPLETELY WITHDRAWN: OBST TYPE ELEVATION MARKINGS/LGT COORDINATES -------------------------------------------------------------- 1. MAST 235 FT AMSL NIL 311956N 0484657E 2. MAST 263 FT AMSL NIL 311829N 0484617E 3. MAST 470 FT AMSL NIL 311931N 0484300E 4. MAST 81 FT AMSL NIL 312043N 0484443E 5. GROUP 112 FT AMSL NIL 312045N 0484435E OF MASTS 6. MAST 93 FT AMSL NIL 312050N 0484430E AMEND AIP ACCORDINGLY. CREATED: 29 Apr 2024 08:05:00 SOURCE: OIIIYNYX",,,29 Apr 2024 08:05:00,
OIAW,A1554/24,OIIX/QOBAW/IV/M/AE/000/999/,2404290735,PERM,,"REF AIP PAGE AD 2-4 OIAW ITEM 2.10, THE FOLLOWING OBSTACLES IN APCH / TKOF AREA AFFECTED COMPLETELY WITHDRAWN: OBST TYPE RWY/AREA ELEVATION MARK/LGT COORDINATES. ------------------------------------------------------------------- 1. MAST 12 APCH 88 FT AMSL NIL 312044N 0484442E 30 TKOF 2. MAST 12 APCH 85 FT AMSL NIL 312045N 0484442E 30 TKOF 3. MAST 12 APCH 85 FT AMSL NIL 312046N 0484441E 30 TKOF 4. TREE 12 APCH 103 FT AMSL NIL 312046N 0484441E 30 TKOF 5. BUILDING 12 APCH 92 FT AMSL NIL 312049N 0484434E 30 TKOF 6. BUILDING 12 APCH 91 FT AMSL NIL 312050N 0484433E 30 TKOF 7. BUILDING 12 APCH 91 FT AMSL NIL 312050N 0484433E 30 TKOF 8. BUILDING 12 APCH 91 FT AMSL NIL 312050N 0484432E 30 TKOF 9. BUILDING 12 APCH 116 FT AMSL NIL 312106N 0484425E 30 TKOF 10. BUILDING 12 APCH 96 FT AMSL NIL 312059N 0484428E 30 TKOF 11. BUILDING 12 APCH 169 FT AMSL NIL 312111N 0484354E 30 TKOF 12. BUILDING 12 APCH 101 FT AMSL NIL 312057N 0484423E 30 TKOF 13. BUILDING 12 APCH 166 FT AMSL NIL 312117N 0484405E 30 TKOF 14. HANGAR 12 APCH 107 FT AMSL NIL 312047N 0484439E 30 TKOF 15. GP 30 APCH 59 FT AMSL LGTD/MRKD 311946.5N 0484623.3E ANTENNA 12 TKOF AMEND AIP ACCORDINGLY. CREATED: 29 Apr 2024 07:44:00 SOURCE: OIIIYNYX",,,29 Apr 2024 07:44:00,
OIBB,A5106/24,OIIX/QICAS/I/NBO/A/000/999/,2412251325,2412261330 EST,,ILS/DME RWY 31R IBUZ CH36X NOT OPR DUE TO PWR CREATED: 25 Dec 2024 13:21:00 SOURCE: OIIIYNYX,,,25 Dec 2024 13:21:00,
OIBB,A5095/24,OIIX/QFALC/IV/NBO/A/000/999/,2412280930,2412281130,,"REF NOTAM A5091/24 AND B0988/24, AD CLSD. CREATED: 24 Dec 2024 09:48:00 SOURCE: OIIIYNYX",,,24 Dec 2024 09:48:00,
OIBB,A5091/24,OIIX/QWMLW/IV/BO/W/000/150/2853N05050E005,2412280930,2412281130,,"GUN FIRING WILL TAKE PLACE WI A CIRCLE, RADIUS 8 KM CENTERED AT: 285238N 0505026E DRG ACT MNM SAFE LVL ON AWY G55 BTN KHG DVOR/DME AND VATOB AND AWY W23 BTN BUZ DVOR/DME AND KUGVU AND AWY W144 BTN BUZ DVOR/DME AND SESMA RAISED TO FL170.",GND,15000,24 Dec 2024 08:54:00,
OIBB,B0988/24,OIIX/QWMLW/IV/BO/W/000/150/2841N05107E005,2412280930,2412281130,,"GUN FIRING WILL TAKE PLACE WI A CIRCLE, RADIUS 8 KM CENTERED AT: 284113N 0510646E, DRG ACT MNM SAFE LVL ON AWY G55 BTN BUZ DVOR/DME AND VATOB RAISED TO FL170.",GND,15000,24 Dec 2024 09:04:00,
OIBB,B0987/24,OIIX/QWMLW/IV/BO/W/000/150/2829N05105E005,2412280930,2412281130,,"GUN FIRING WILL TAKE PLACE WI A CIRCLE, RADIUS 8 KM CENTERED AT: 282900N 0510500E.",GND,15000,24 Dec 2024 08:58:00,
OIBB,B0978/24,OIIX/QNNXX/E/000/999/,2412230852,2503232359 EST,,TACAN BUZ CH 59X FLTCK EXPIRED. CREATED: 23 Dec 2024 08:51:00 SOURCE: OIIIYNYX,,,23 Dec 2024 08:51:00,
OICC,A5108/24,OIIX/QMRLC/IV/NBO/A/000/999/,2412251450,2412281000 EST,,REF NEW AIP SUP 12/24 RWY 11R/29L CLSD. CREATED: 25 Dec 2024 14:51:00 SOURCE: OIIIYNYX,,,25 Dec 2024 14:51:00,
OIKK,A4880/24,OIIX/QMRXX/A/000/999/,2412080754,2503080800 EST,,"16 CAVITIES EXIST AT LEFT SIDE OF RWY 34L WITH FLW SPECIFICATIONS: NR1: DIST FM RCL 30 M ,DIAMETER: 1.5 M , DPT: 2 M (AT 110 M BEYOND DTHR RWY 34",,,08 Dec 2024 07:57:00,
OICC,A5084/24,OIIX/QLPAS/IV/BO/A/000/999/,2412240804,2503232359 EST,,"PAPI RWY 29L U/S , AND SUBSEQUENTLY REQUIRED FLTCK. CREATED: 24 Dec 2024 08:03:00 SOURCE: OIIIYNYX",,,24 Dec 2024 08:03:00,
OICC,A4909/24,OIIX/QOBCE/IV/M/AE/000/999/,2412091111,2503081000 EST,"ERECTED AT 3420280376N 0471021.299E WITH FLW SPECIFICATIONS: RIGHT SIDE OF RWY 29L AND LEFT SIDE OF RWY 29R, 4354FT AMSL. 1. DIST FM THR RWY 29L: 400M 2. DIST FM THR RWY 29R: 300M 3. DIST FM CL RWY 29L: 130M 4. DIST FM CL RWY29R: 65M. CREATED: 09 Dec 2024 11:15:00 SOURCE: OIIIYNYX",A GP ANTENNA (MARKED AND LIGHTE,,,09 Dec 2024 11:15:00,
OICC,A4330/24,OIIX/QFAXX/IV/NBO/A/000/999/,2411021040,2502011030 EST,,ALL FLIGHTS ARE NOT AUTHORIZED TO FILE KERMANSHAH AIRPORT AS AN ALTERNATE AD IN FPL DUE TO PARKING LIMITATION. CREATED: 02 Nov 2024 10:41:00 SOURCE: OIIIYNYX,,,02 Nov 2024 10:41:00,
OICC,A3988/24,OIIX/QPILT/I/NBO/A/000/999/,2410080753,2412312030 EST,,"ALL SID, STAR AND IAC BASE ON DVOR/DME USEABLE ONLY DRG VMC. CREATED: 08 Oct 2024 07:53:00 SOURCE: OIIIYNYX",,,08 Oct 2024 07:53:00,
OICC,B0964/24,OIIX/QNNXX/E/000/999/,2412230844,2503232359 EST,,TACAN KSH CH 102X FLTCK EXPIRED. CREATED: 23 Dec 2024 08:43:00 SOURCE: OIIIYNYX,,,23 Dec 2024 08:43:00,
OIGG,A5107/24,OIIX/QLEAS/I/BO/A/000/999/,2412251439,2412311430 EST,,RWY EDGE LGT EVERY OTHER ONE U/S. CREATED: 25 Dec 2024 14:39:00 SOURCE: OIIIYNYX,,,25 Dec 2024 14:39:00,
OIGG,A4974/24,OIIX/QFALT/IV/NBO/A/000/999/,2412160410,2503161200 EST,,"REF NOTAM A4973/24, TRAINING FLT NOT AUTHORIZED DUE TO CONST WORK. CREATED: 16 Dec 2024 04:11:00 SOURCE: OIIIYNYX",,,16 Dec 2024 04:11:00,
OIGG,A4973/24,OIIX/QMWHW/IV/M/A/000/999/,2412160403,2503161200 EST,,"CONST WORK IN PROGRESS ALONG BOTH SIDES OF RWY 09/27: DIST FM RCL: 90 M UP TO 150M , MACHINARY OPR WITH MAX HGT : 12 FT. CREATED: 16 Dec 2024 04:02:00 SOURCE: OIIIYNYX",,,16 Dec 2024 04:02:00,
OIKK,A4905/24,OIIX/QMXXX/A/000/999/,2412090524,2503081000 EST,,"REF AIP PAGE AD2 OIKK ADC, TWY B BTN APRON AND TWY E FOD DUE TO SAND. CREATED: 09 Dec 2024 05:27:00 SOURCE: OIIIYNYX",,,09 Dec 2024 05:27:00,
OIKK,A4904/24,OIIX/QMXLC/IV/M/A/000/999/,2412090521,2503081000 EST,,"REF AIP PAGE AD2 OIKK ADC, TWY E BTN TWY C AND TWY D CLSD, DUE TO WIP. CREATED: 09 Dec 2024 05:25:00 SOURCE: OIIIYNYX",,,09 Dec 2024 05:25:00,
OIKK,A4881/24,OIIX/QMRXX/A/000/999/,2412080756,2503080800 EST,,BUMPY SFC ON RWY 16R/34L FM THR RWY 16R UP TO 400M CREATED: 08 Dec 2024 07:58:00 SOURCE: OIIIYNYX,,,08 Dec 2024 07:58:00,
